Open,High,Low,Close,Volume
24.08,24.48,24.0,24.4,9657400
24.5,24.69,23.77,23.99,13165300
24.13,24.69,24.1,24.41,8698200
24.65,24.79,24.44,24.74,6412800
24.85,25.03,24.72,25.0,6590300
25.02,25.33,25.0,25.32,11798200
25.38,25.79,25.25,25.56,12197600
25.65,25.79,25.52,25.64,9897000
25.61,25.74,25.5,25.7,8073600
25.83,25.83,25.38,25.38,9326800
25.23,25.35,24.99,25.22,7939500
24.91,26.3,24.91,26.24,26537500
26.1,26.5,25.6,25.72,18981000
25.75,25.8,25.25,25.52,11311500
25.6,26.13,25.6,25.99,22929000
26.19,26.2,25.35,25.44,33056200
25.5,25.58,24.9,25.08,32512800
25.16,25.28,24.99,25.08,11728900
25.22,25.58,25.18,25.46,20554000
25.5,25.51,25.23,25.31,15992000
25.15,25.34,25.15,25.27,11972900
25.15,25.17,25.0,25.1,10637100
24.98,25.11,24.9,25.01,12023300
25.2,25.35,24.96,24.96,12377100
25.57,26.88,25.5,26.7,48028600
26.66,27.04,26.6,26.9,25301000
26.86,26.86,26.57,26.72,13862500
26.61,26.76,26.47,26.68,10225600
26.68,26.76,26.25,26.41,9627500
26.56,26.75,26.49,26.75,11966700
26.75,26.91,26.62,26.88,12094100
26.9,27.1,26.8,27.05,10968200
27.05,27.19,26.83,26.91,8101800
26.51,27.28,26.51,27.16,10655100
27.23,27.55,27.15,27.46,10957400
27.46,27.78,27.37,27.71,12931900
27.71,27.99,27.61,27.98,11812900
28.0,28.49,27.98,28.38,14670400
28.46,28.46,27.82,27.99,10858500
28.0,28.18,27.93,28.09,9110200
28.0,28.07,27.74,28.03,9579600
27.94,28.44,27.91,28.22,7872400
28.15,28.22,27.88,27.88,7378700
27.81,28.06,27.75,28.01,7741900
27.99,28.15,27.91,28.05,7260700
28.13,28.27,27.83,28.09,7005500
28.04,28.3,27.94,28.16,8083700
28.27,28.62,28.16,28.56,10409300
28.46,28.66,28.42,28.66,5620500
28.6,28.85,28.55,28.75,6644900
28.81,28.85,28.51,28.68,6014800
28.79,28.8,28.54,28.64,7977100
28.68,28.81,28.52,28.64,6268700
28.57,28.63,28.04,28.1,7682500
27.46,28.2,27.75,27.79,13030400
27.9,27.9,27.41,27.52,12481900
27.49,27.68,27.35,27.45,6916900
27.4,27.54,27.3,27.34,8328300
27.41,27.44,27.06,27.09,12831800
27.22,28.12,27.16,27.86,12855400
27.68,28.09,27.65,27.87,7344900
27.85,28.05,27.69,27.89,7905800
27.87,28.07,27.81,27.94,7027900
27.86,28.25,27.78,27.91,7457600
27.87,27.94,27.63,27.79,7588000
27.68,27.83,27.38,27.68,6492000
27.75,28.0,27.37,27.53,5988200
27.55,28.0,27.55,27.79,6659100
27.81,28.05,27.62,27.77,5876700
27.77,28.0,27.73,27.92,4912600
27.82,28.0,27.77,27.88,3617500
27.9,27.9,27.55,27.65,5845900
27.74,28.19,27.7,28.09,7256200
28.09,28.1,27.47,27.48,7626400
27.46,27.54,27.29,27.34,7903900
27.54,27.54,26.91,27.02,7633300
26.81,27.34,26.75,27.27,6813600
27.43,27.54,26.87,27.0,8047500
27.0,27.44,26.98,27.2,6531100
27.0,27.85,27.0,27.76,9581700
27.71,28.15,27.65,27.96,11570700
28.01,28.18,27.63,27.67,8275200
27.9,28.03,27.78,27.89,6806100
27.95,28.16,27.89,28.11,8444100
28.16,28.43,28.16,28.4,7803700
28.5,29.15,28.5,29.09,52024400
29.3,29.32,28.61,28.77,27585700
28.85,29.6,28.78,29.58,18208600
29.8,30.19,29.58,30.11,21113500
29.85,29.94,29.52,29.8,14468200
29.8,29.98,29.61,29.9,12792400
29.75,30.0,29.72,29.99,10999400
29.97,30.45,29.87,30.35,13800600
30.28,30.3,29.65,29.76,15245300
29.76,29.93,29.18,29.6,13637600
29.7,30.4,29.63,30.15,13920900
30.1,30.32,29.85,30.0,11974500
30.1,30.45,29.95,30.23,10380300
30.31,30.35,29.98,30.14,12481000
30.3,30.33,30.01,30.15,8319100
30.33,30.53,30.25,30.51,7493900
30.46,30.47,30.16,30.2,8196800
30.35,30.51,30.13,30.5,14287800
30.5,30.72,30.42,30.62,10074600
30.61,30.69,30.45,30.62,8661600
30.62,30.99,30.45,30.74,10021100
30.89,30.98,30.38,30.53,16301400
30.53,31.03,30.42,30.65,13496100
30.45,30.48,29.7,29.87,20619600
29.92,30.0,29.25,29.33,15045300
28.4,29.01,28.3,28.9,18754900
28.52,28.73,28.22,28.28,13600600
28.0,28.8,27.95,28.69,14872200
28.64,29.25,28.5,29.19,11799100
29.39,29.54,29.05,29.45,12550500
29.43,29.45,29.0,29.07,12251500
29.02,29.34,28.91,29.23,13625600
29.17,29.75,29.04,29.13,11568500
29.13,29.51,29.07,29.28,9461800
29.2,29.28,28.86,29.12,8631900
29.07,29.75,29.06,29.67,9399800
29.58,29.65,29.32,29.41,8894400
29.41,29.64,29.24,29.38,8285100
29.58,30.07,29.49,29.88,11089700
29.88,30.17,29.82,30.0,12438800
30.19,30.31,29.96,30.02,5795900
29.82,30.45,29.7,30.07,11189300
30.06,30.45,29.94,30.04,10770600
29.9,30.08,29.67,29.83,9349400
30.15,30.34,29.85,29.92,11718900
29.9,30.27,29.83,30.25,10012200
30.25,30.3,29.81,29.91,8415000
29.3,29.33,28.45,28.7,17643000
28.55,28.7,28.15,28.49,10540900
28.16,28.6,28.15,28.6,10445800
28.47,29.14,28.32,29.1,10826800
29.04,29.54,28.95,29.26,11554000
29.24,29.75,29.12,29.12,9221600
28.91,28.99,28.43,28.47,10859800
28.56,29.41,28.49,29.37,9214300
29.2,29.62,28.96,29.48,7972100
29.45,29.65,29.22,29.34,8169900
29.64,29.64,29.17,29.21,10486500
29.38,29.79,29.26,29.7,14653300
29.55,29.73,29.4,29.69,9304300
29.65,29.75,29.32,29.35,9883000
29.33,29.92,29.31,29.8,8476200
29.51,30.1,29.39,30.04,8142100
30.08,30.12,29.6,29.9,9907500
29.9,29.9,29.18,29.39,10501000
29.5,29.69,28.77,28.98,12411700
30.0,30.05,28.79,28.83,18687300
28.75,29.73,28.53,29.58,17026600
29.62,29.68,29.22,29.43,6822100
29.53,29.8,29.44,29.52,8675100
29.65,29.76,29.48,29.64,7508300
29.71,29.76,29.56,29.71,9780400
29.6,30.0,29.56,29.9,6107200
29.97,29.97,29.64,29.91,6730200
29.9,29.97,29.68,29.97,6718000
29.97,30.05,29.51,29.64,14744100
29.62,29.8,29.01,29.19,9075000
29.17,29.31,28.82,28.95,10348100
28.8,29.07,28.7,28.95,5863800
28.93,29.45,28.92,29.37,5115200
29.4,29.53,29.0,29.11,8975900
29.23,29.61,29.23,29.57,7821000
29.5,29.71,29.31,29.65,5240700
29.82,30.0,29.65,29.89,5929800
29.82,30.04,29.75,29.85,5903400
29.72,29.77,29.57,29.61,4890900
29.42,29.69,29.3,29.49,6629000
30.05,30.05,29.5,29.58,7422700
29.4,29.83,29.4,29.77,6544500
29.75,30.28,29.66,30.21,12609800
30.25,30.51,30.0,30.45,10786100
30.27,30.41,30.05,30.39,5784000
30.5,30.58,30.12,30.31,16958500
30.12,30.33,29.99,30.06,6584900
30.12,30.61,30.06,30.47,7598400
30.61,31.05,30.6,31.03,11259500
30.9,31.13,30.51,30.71,9189900
30.57,30.7,30.0,30.08,11227100
30.29,30.4,29.74,30.16,8356200
30.27,31.1,30.26,31.07,13794900
30.91,31.46,30.9,31.04,12973800
31.0,31.23,30.82,30.93,9581900
30.95,31.3,30.83,30.91,8216000
30.79,31.02,30.4,30.53,6603100
30.48,31.05,30.48,31.0,7906900
30.85,31.27,30.8,31.19,9934500
31.06,31.16,30.94,31.07,5003700
31.07,31.39,30.86,31.34,7349100
31.3,31.59,31.23,31.39,5224200
31.3,31.39,31.06,31.25,6288400
31.2,31.4,31.15,31.31,4458300
31.35,31.43,31.12,31.3,5848600
31.18,31.24,30.78,31.11,5390700
31.05,31.14,30.91,31.02,4462200
31.02,31.22,30.97,31.1,6659700
31.23,31.59,31.2,31.58,12821900
31.44,31.75,31.4,31.59,6193200
31.75,31.79,31.37,31.45,8135300
31.2,31.33,31.06,31.28,8295000
31.14,31.44,31.03,31.38,6903100
31.46,31.55,31.0,31.2,7486500
31.35,31.98,31.3,31.98,10250500
31.84,31.99,31.58,31.73,6744700
31.69,31.91,31.4,31.86,4580100
31.83,31.88,31.33,31.46,7437600
31.55,31.86,31.46,31.73,8433700
31.7,31.81,31.39,31.7,5155300
31.83,31.97,31.69,31.89,8533900
32.0,32.48,31.94,32.46,11228700
32.49,33.02,32.42,32.85,11772800
32.7,33.24,32.47,33.1,7028300
33.39,33.85,33.0,33.58,19690900
32.75,32.85,31.74,32.4,25028400
32.3,32.35,31.7,32.26,11777700
32.47,32.6,31.91,32.53,12598400
32.43,32.77,32.34,32.69,10576500
32.94,33.1,32.69,33.06,8561800
33.06,33.21,32.89,32.94,10179700
33.0,33.12,32.87,33.12,11051100
33.05,33.37,33.0,33.23,5725100
33.23,33.28,32.77,32.99,8308100
32.74,33.06,32.64,32.91,2643300
32.85,32.89,32.46,32.59,9987800
32.46,32.98,32.43,32.89,10412100
32.94,33.0,32.78,32.88,9444200
32.99,33.24,32.81,33.05,8954600
33.05,33.13,32.76,33.09,8374800
33.22,33.5,33.09,33.44,7813000
33.44,34.2,33.38,34.2,13529500
34.03,34.19,33.87,34.1,8112300
34.05,34.35,34.0,34.14,6502100
34.01,34.49,34.01,34.39,6222400
34.29,34.64,34.25,34.52,7062000
34.44,34.68,34.28,34.54,9400100
34.44,34.56,34.36,34.45,8457100
34.5,34.74,34.38,34.72,8587800
34.82,34.84,34.15,34.3,13930200
34.1,34.69,34.1,34.49,7885500
34.45,34.89,34.33,34.85,8672100
34.76,34.8,34.52,34.61,5671000
34.73,34.8,34.43,34.54,6291400
34.61,34.61,34.14,34.16,6716000
34.12,34.63,33.94,34.53,6564300
34.49,34.7,34.32,34.54,7524300
34.54,34.81,34.47,34.52,7108100
34.42,34.61,34.27,34.27,9695400
34.21,34.54,33.99,34.2,13379700
34.2,34.55,34.17,34.47,9677200
34.27,34.44,33.99,34.19,10409000
34.19,34.63,34.07,34.5,9352000
34.5,34.69,33.95,34.45,11432300
34.15,34.55,33.98,34.49,7206900
34.59,35.03,34.45,34.99,12194500
34.99,35.29,34.85,35.21,11860000
35.01,35.15,34.89,35.03,10997400
35.0,35.3,34.9,35.25,9811900
35.3,35.93,35.25,35.85,16498300
35.93,35.97,35.48,35.5,12450800
35.45,35.48,35.05,35.15,8722300
35.02,35.64,35.0,35.58,11126800
35.58,35.75,35.27,35.35,10616400
35.35,35.42,34.88,34.94,9455300
35.0,35.07,34.47,34.55,10391400
34.5,35.07,34.44,34.68,11039300
34.64,35.09,34.62,35.04,6550100
35.14,35.26,35.01,35.17,8976200
35.09,35.15,34.89,35.01,8048100
35.02,35.38,35.0,35.18,7670300
35.4,35.49,35.15,35.26,8871400
35.41,35.46,35.08,35.19,7800200
35.35,35.59,35.2,35.48,12033100
36.04,36.09,34.95,35.29,20464000
35.2,35.3,33.92,34.36,18988100
34.53,34.66,33.77,33.92,17772802
34.07,34.62,33.93,34.59,12848592
34.58,34.82,34.52,34.75,11835125
34.7,34.73,34.17,34.67,11047500
34.68,34.91,34.41,34.89,9505300
34.82,35.13,34.67,35.05,8699200
34.83,35.24,34.75,35.14,8234100
35.07,35.24,34.96,35.16,7657700
35.1,35.21,34.98,35.14,7147300
35.14,35.29,34.93,35.11,8103418
34.75,35.0,32.65,33.1,15049700
33.5,34.38,33.33,34.25,15605800
33.73,34.5,33.53,34.39,13715411
34.11,34.24,33.86,33.95,9921000
33.55,34.11,33.42,33.72,10523000
33.72,34.55,33.75,34.37,11371700
34.39,34.62,34.25,34.43,9392300
34.62,34.83,34.4,34.69,8180100
34.87,34.9,34.28,34.37,11403100
34.18,34.37,33.92,34.2,11666500
33.99,34.12,33.51,33.62,13706200
34.46,34.46,33.28,33.73,10188100
33.96,34.09,33.74,33.79,9912400
33.9,34.1,33.5,33.61,13630600
33.87,34.12,33.81,34.09,7802500
34.05,34.43,33.97,34.38,8080400
34.31,35.25,34.26,35.17,11776550
34.45,35.42,34.45,35.33,12217942
35.06,35.31,34.87,34.99,7173080
34.89,35.25,34.8,35.22,9814270
35.0,35.11,34.64,34.66,12203470
34.59,34.6,34.05,34.23,12409704
34.69,34.71,34.24,34.39,7751198
34.42,34.75,34.04,34.43,10578957
34.4,34.51,34.24,34.47,6950800
34.57,35.17,34.52,34.92,12059500
34.92,34.87,34.44,34.64,9884983
34.62,35.01,34.55,34.91,8090246
34.91,35.01,34.8,34.91,8067310
34.97,35.03,34.76,34.99,7491032
34.94,35.08,34.34,34.59,11840789
34.6,34.73,34.43,34.67,9117364
34.67,34.87,34.51,34.72,8967527
34.8,35.14,34.77,35.02,8000824
34.93,35.24,34.71,35.15,8871843
35.05,35.1,34.75,34.92,7322859
34.95,35.02,34.57,34.92,8090288
35.19,35.32,34.71,35.28,12081239
35.2,35.3,35.03,35.08,6887290
35.1,35.24,34.89,34.91,6863324
35.07,35.43,34.86,35.32,9099784
35.17,35.47,34.97,35.17,7437195
35.0,35.13,34.79,34.98,6126404
35.02,35.14,34.7,34.98,10032262
35.09,35.5,35.09,35.47,10945713
35.45,36.0,35.4,35.7,11999207
35.73,36.01,35.62,35.69,8228196
35.75,36.16,35.71,35.85,7328659
35.98,36.3,35.92,36.06,8588941
36.17,36.57,36.02,36.55,15305379
36.05,36.33,35.7,36.12,13918626
35.84,35.99,35.55,35.69,9655480
35.74,36.17,35.73,36.07,7478932
36.07,36.25,35.88,35.98,6629812
36.13,36.34,35.89,35.94,7763475
36.13,36.18,35.78,36.01,8361889
35.96,36.23,35.79,35.99,6757019
36.11,36.19,35.83,36.02,10839308
36.0,36.76,35.98,36.44,11985326
36.7,36.7,36.1,36.27,7149399
36.27,36.79,36.25,36.48,7830696
36.48,36.57,35.8,35.84,8726367
35.91,36.15,35.64,36.03,6313560
36.05,36.14,35.47,35.59,11434016
35.36,35.98,35.27,35.91,12115839
35.9,35.95,35.27,35.44,15598412
35.41,35.62,35.13,35.24,12571908
35.58,35.78,35.17,35.7,12450857
35.76,35.89,35.21,35.27,9824201
35.26,35.36,34.75,34.91,8927309
34.77,34.91,33.95,34.26,13219301
34.01,34.28,33.79,34.2,11412275
34.28,34.44,34.12,34.18,7544250
34.1,34.18,33.52,33.56,9595771
33.5,33.55,33.0,33.4,16057650
33.41,33.97,33.4,33.79,14256803
34.1,34.75,34.0,34.4,22308900
34.5,34.89,34.48,34.54,13016725
34.51,34.86,34.44,34.76,11318102
34.76,34.76,34.16,34.19,11221879
34.13,34.36,33.88,34.19,10323704
34.01,34.44,33.91,34.14,15008110
34.11,34.52,33.92,34.06,10093922
34.2,34.29,33.86,34.06,9643721
33.8,34.34,33.73,34.27,8017840
34.25,34.25,33.72,33.85,11964626
33.89,34.46,33.71,34.14,12019300
34.38,34.72,34.2,34.52,7763704
34.54,34.67,34.3,34.54,5178968
34.5,34.64,34.24,34.63,7330329
34.59,34.61,34.43,34.49,6725998
34.54,34.61,34.38,34.46,6021476
34.17,34.59,33.85,33.89,11100925
33.76,34.01,33.67,33.98,9837350
34.11,34.27,33.96,34.25,10820279
34.1,34.57,34.0,34.37,8205501
34.21,34.58,34.21,34.47,5896449
34.44,34.87,34.35,34.68,11373380
34.56,34.78,34.19,34.6,10276987
34.66,34.83,34.4,34.47,8068899
34.46,34.56,34.28,34.34,10748100
34.45,35.23,34.43,35.03,11266500
34.95,35.38,34.67,34.75,10447102
34.91,35.19,34.75,34.93,10207600
34.76,34.9,33.74,34.08,15556250
34.14,34.38,33.74,33.74,12210100
33.98,34.15,33.57,34.01,11459800
34.01,34.07,32.99,33.0,15671100
32.88,33.94,32.75,33.83,15048240
33.98,34.53,33.69,34.36,11480400
34.14,34.62,33.84,33.9,12642500
34.0,34.39,33.83,34.3,14263800
33.95,34.85,33.85,34.55,14310200
34.6,34.93,33.85,34.29,13079400
33.83,34.2,33.0,33.0,14932500
32.57,33.42,32.07,33.16,15404100
33.34,33.74,33.13,33.24,8596100
33.24,33.5,32.13,32.36,11502700
32.3,32.64,31.63,31.71,12763962
31.35,32.63,31.25,32.58,19361900
33.38,33.55,32.3,32.68,15964200
32.78,33.11,32.52,32.91,10782550
32.7,33.45,32.64,33.29,9959400
33.58,33.68,33.11,33.57,10689800
33.57,33.98,32.97,33.16,10962700
33.27,33.89,33.12,33.87,7380600
33.74,34.08,33.49,33.84,7100125
33.75,33.79,33.07,33.2,9712800
33.3,33.95,33.07,33.89,8361500
33.57,33.74,33.33,33.47,7330700
33.74,33.82,33.45,33.6,7075900
33.51,34.3,33.5,34.13,9743200
33.84,34.1,33.74,34.04,10641645
34.22,34.48,33.87,34.41,8156900
33.93,34.16,33.47,33.59,9910000
33.59,33.87,33.23,33.56,5502000
33.63,33.7,33.29,33.49,7714800
33.53,33.82,33.41,33.72,8135100
33.8,33.9,33.44,33.52,6968700
33.32,33.85,33.0,33.56,8797850
33.36,33.45,33.06,33.38,7205200
33.54,34.7,33.4,34.58,13653180
34.81,34.95,34.54,34.56,10549410
34.67,34.75,33.8,34.04,10201900
34.06,34.89,34.04,34.6,14708900
34.6,34.6,34.2,34.32,8089600
34.2,34.32,33.68,34.07,9942700
34.27,34.58,34.19,34.52,8417300
34.48,34.49,34.12,34.21,6980900
34.26,34.42,33.93,34.39,8016200
34.38,34.91,34.38,34.65,8672000
34.65,35.01,34.6,34.77,9403000
34.6,34.97,34.54,34.72,5716800
34.89,35.07,34.83,34.9,5580700
35.09,35.6,35.03,35.47,7330700
35.47,35.69,35.13,35.27,4798900
35.16,35.45,35.1,35.45,7273700
35.45,35.55,35.06,35.28,4715700
35.5,35.63,34.9,35.01,6109900
35.2,35.58,35.15,35.47,5474054
35.37,35.49,34.86,35.14,6688100
35.13,35.34,34.94,35.01,8072600
35.26,35.59,35.14,35.38,9033000
35.31,35.4,34.71,34.78,8503275
34.55,34.77,33.77,33.81,11197400
33.68,34.79,33.57,34.68,9859200
34.82,34.96,34.58,34.89,6382600
34.55,35.11,34.36,35.06,7849200
34.98,35.0,34.14,34.45,10633300
34.62,34.72,33.94,34.38,11462500
34.49,34.81,34.2,34.68,7164600
34.48,34.57,34.25,34.29,4886700
34.01,34.73,34.01,34.63,7818700
34.51,34.71,33.32,33.8,11121671
34.26,34.26,33.52,33.92,8945500
33.4,34.26,33.4,33.88,7983884
33.86,34.18,33.62,34.08,6594424
33.53,34.03,33.31,33.5,7564310
33.44,33.83,32.89,33.63,12137378
32.81,33.2,32.06,32.74,14932193
32.0,32.72,32.0,32.02,13316780
32.22,33.07,32.06,33.01,11447503
33.14,33.14,31.75,31.86,15313909
31.8,32.84,31.75,32.4,10539449
32.59,32.7,32.01,32.53,9347633
32.26,32.3,31.15,31.25,14612017
31.47,31.89,31.02,31.55,9426819
31.35,31.7,31.12,31.5,8661332
31.65,31.9,31.49,31.84,3549134
31.91,31.96,31.2,31.24,7337602
31.38,31.82,30.68,31.72,14270662
31.89,32.96,31.67,32.69,12798329
32.65,32.91,32.38,32.81,7761346
33.49,33.49,32.93,33.15,11958398
33.06,33.5,32.83,33.04,9049714
32.91,33.07,32.44,32.75,9322138
32.5,32.99,32.26,32.75,7463490
32.74,32.89,32.25,32.72,7927599
32.72,33.0,32.66,32.79,8023895
32.82,32.97,32.27,32.35,12255708
32.35,32.51,31.71,31.76,13926127
32.27,32.7,31.97,32.28,10617674
32.08,32.89,32.03,32.76,11704229
32.9,33.23,32.55,33.01,11888201
32.87,33.25,32.69,32.99,12023116
32.91,33.3,32.61,33.02,11937278
32.96,33.14,32.08,32.26,11038752
32.43,32.5,32.14,32.33,9591718
32.65,33.05,32.25,32.94,20435471
32.96,33.41,32.95,33.24,3458089
33.03,33.2,32.73,32.82,5029355
32.64,32.9,32.34,32.43,6704632
32.77,32.8,32.27,32.42,5621710
32.42,32.52,32.24,32.28,5447879
32.32,32.63,31.69,31.84,9269817
31.88,32.02,31.66,31.77,9681518
31.0,31.68,31.0,31.13,9550658
31.38,31.49,30.91,31.16,10742853
31.25,31.5,30.46,30.54,13014804
30.57,30.59,29.2,30.16,24858726
29.9,30.94,29.9,30.67,12240827
30.45,30.88,30.21,30.32,11671032
30.5,30.75,30.12,30.35,8717371
30.22,30.28,29.58,29.85,12043755
29.66,30.27,29.33,29.83,18819568
29.9,30.04,28.69,28.77,20110359
29.0,29.31,28.25,28.51,16355241
27.18,28.48,26.3,28.12,20538129
27.1,28.54,27.09,28.52,22039300
28.58,29.31,28.35,29.23,14847675
29.53,29.86,28.6,28.68,11966537
28.75,29.47,28.5,29.37,10421777
28.73,29.2,28.12,28.8,23011734
29.06,29.98,29.06,29.41,16609305
29.04,30.17,28.84,29.84,15074137
30.75,30.8,30.18,30.66,13989132
31.05,31.05,30.62,30.9,11835273
30.99,30.99,30.05,30.07,19217700
31.9,32.18,31.1,31.5,31179045
31.26,31.92,31.11,31.72,16614385
31.61,32.3,31.61,32.12,15161397
32.27,32.27,31.52,31.93,9081997
32.06,32.44,31.77,32.03,14314290
32.07,32.96,32.07,32.78,14445420
32.72,32.85,32.16,32.32,11997058
32.16,32.7,32.03,32.49,15226053
32.53,32.78,32.12,32.19,10609775
31.97,32.67,31.89,32.58,10207062
32.63,32.89,32.2,32.27,10305156
32.25,32.64,31.8,32.57,8814849
32.82,33.09,32.49,32.89,13567791
32.75,33.21,32.72,32.89,10340548
32.76,33.23,32.61,33.1,10319739
32.93,33.19,32.44,32.54,11221040
32.13,32.85,32.13,32.41,14575847
32.61,32.71,32.11,32.41,8283237
32.16,32.25,31.38,31.87,15907687
31.9,32.15,31.52,31.64,9692902
31.55,31.74,31.19,31.25,10528980
31.11,31.25,30.56,30.76,12751104
30.82,30.82,30.28,30.46,12622877
31.0,31.21,30.61,31.19,14533339
31.26,31.82,31.2,31.41,9646242
31.21,31.58,30.82,31.33,10556230
31.33,31.36,30.43,30.78,11421390
30.14,30.85,30.05,30.46,12627108
30.77,31.73,30.77,31.72,13788807
31.69,31.9,31.23,31.24,11737053
31.28,31.98,31.24,31.9,13802261
32.0,32.16,31.8,32.04,10535993
31.99,32.24,31.84,32.08,8547324
31.91,32.04,31.53,31.76,9219931
31.88,31.96,31.31,31.38,9569804
31.59,31.78,31.0,31.0,11021087
31.04,31.48,30.99,31.38,11351941
31.52,32.02,31.52,31.91,15650584
32.0,32.39,31.46,31.56,13072461
31.43,31.7,31.15,31.53,8981292
31.52,31.62,31.06,31.24,12518929
31.41,31.73,31.21,31.52,9732565
31.36,31.4,30.95,31.07,13069766
31.12,31.21,30.61,30.85,10508197
30.79,31.56,30.72,31.35,12183531
31.04,31.49,30.15,30.18,15489186
30.23,30.38,29.83,30.04,9476259
30.07,30.1,29.57,29.93,10320451
30.12,30.38,29.82,30.32,10606743
30.24,30.89,30.24,30.78,13438883
30.85,31.55,30.85,31.33,11513639
31.1,31.5,31.05,31.46,8797294
31.39,31.42,31.17,31.29,8461329
31.47,31.68,31.11,31.64,14999989
31.85,32.2,31.69,31.94,12009486
32.04,32.45,31.95,32.36,11949836
32.55,32.61,32.21,32.43,7649047
32.32,32.88,32.21,32.76,10179621
32.78,33.03,32.33,32.43,13077689
32.45,33.42,32.42,33.3,12246762
33.5,33.8,33.3,33.49,8708973
33.72,33.72,33.12,33.29,10194110
33.44,33.78,32.79,33.73,15122942
34.21,34.95,34.05,34.7,30879120
34.76,34.8,34.33,34.56,18859517
34.1,34.47,34.03,34.3,13423643
34.15,34.8,34.04,34.77,9176349
34.58,34.78,34.22,34.33,11067234
34.5,34.98,34.33,34.8,9868033
34.65,35.0,34.52,34.99,11357860
34.97,35.02,34.47,34.91,12731950
34.79,34.94,34.47,34.72,12365717
34.5,34.6,33.98,34.09,12635211
33.95,34.09,33.5,33.66,11358120
33.78,33.78,33.35,33.61,7735244
33.52,33.6,33.18,33.23,8951262
33.31,33.74,33.26,33.64,9309007
33.66,34.15,33.66,33.86,14202135
33.86,34.35,33.74,33.81,12571297
33.98,34.05,33.48,33.6,12778954
33.5,33.59,33.05,33.3,10323260
33.48,33.51,33.0,33.18,11060103
33.15,34.59,33.15,34.35,24631762
34.32,34.7,34.1,34.49,11640260
34.14,34.3,32.97,33.01,16598342
33.32,33.34,32.84,33.18,10015256
32.89,34.0,32.89,33.83,16607629
33.75,33.94,33.25,33.27,12419489
33.53,33.7,33.12,33.24,13138794
33.48,33.95,33.35,33.93,9153372
33.77,33.9,33.39,33.65,10955007
33.85,33.86,33.1,33.11,9165226
32.97,33.35,32.77,32.95,12078423
32.96,33.12,32.57,32.89,13912935
32.64,32.73,31.94,31.94,21345075
32.13,32.44,32.04,32.39,10850753
32.25,32.5,31.96,32.22,17528439
32.4,32.84,32.3,32.49,16132062
32.16,32.29,31.52,31.53,19847923
31.53,31.92,31.43,31.57,20844229
31.7,32.15,31.14,31.2,15878441
30.91,31.08,30.4,31.05,17144832
31.11,31.25,30.7,30.71,13633453
30.92,31.2,30.74,30.9,6953201
30.0,30.62,29.74,30.08,21977635
30.0,30.0,29.31,29.95,26083186
29.96,29.98,29.53,29.54,13575391
29.59,29.78,29.25,29.6,11366664
29.26,29.57,28.8,29.2,14957212
29.59,29.87,29.07,29.1,14277417
28.82,29.78,28.55,29.43,16665710
29.5,30.6,29.05,30.43,18260970
30.5,31.23,30.12,31.2,17998897
31.29,31.29,30.66,30.9,14004423
30.96,31.0,30.38,30.49,9781958
30.42,30.55,29.97,30.41,21715204
30.62,31.19,30.4,31.15,13220087
31.14,31.48,30.7,31.02,11786641
31.22,31.52,31.0,31.1,12842748
31.33,31.33,30.46,30.5,13659052
30.6,31.12,30.41,30.92,13298775
31.24,31.77,30.89,31.67,18224574
30.55,30.87,30.13,30.35,25578226
30.5,30.7,29.83,30.08,15120748
30.11,30.59,30.05,30.37,11445784
30.52,31.4,30.4,31.31,15539955
31.13,31.62,30.84,31.42,12840911
31.12,31.27,30.92,30.92,10696641
31.0,32.12,30.95,32.03,14759715
31.97,33.42,31.84,32.8,21907376
32.86,32.92,32.06,32.16,14848615
32.12,32.2,31.52,31.74,11051296
31.67,32.62,31.45,32.33,11535166
32.47,32.92,32.34,32.5,11487634
32.54,32.6,31.81,32.08,10245964
31.84,32.06,31.58,31.75,8781927
31.86,32.2,31.4,31.82,12414917
31.65,32.0,31.32,31.83,6966638
32.12,32.38,31.88,32.2,7954831
31.97,32.09,31.4,31.6,8071223
31.52,31.87,31.44,31.71,6506556
31.46,32.1,31.41,31.76,7325317
31.89,32.67,31.77,32.59,9675428
32.37,32.75,32.31,32.35,9062780
32.74,33.37,32.3,32.44,11855742
32.32,32.54,31.97,32.51,9554331
32.44,32.44,31.49,31.54,11450532
31.45,31.55,30.87,31.36,9012396
31.99,33.05,31.92,32.92,20363057
32.87,33.3,32.43,32.43,15312346
32.6,33.23,32.48,32.77,13885869
32.59,33.0,32.2,32.94,14011604
32.77,33.45,32.6,33.26,11213490
32.59,33.29,32.25,32.36,15227376
31.74,32.89,31.5,32.51,18550889
32.1,33.0,31.91,32.19,22284631
32.25,33.74,32.06,33.44,22442827
34.01,34.85,33.25,34.39,28452370
33.85,34.05,32.84,32.91,18394235
32.88,33.32,32.15,32.53,13451497
32.59,32.59,31.63,31.77,13600288
32.0,32.88,31.97,32.47,13356315
31.94,32.81,31.94,32.75,9547021
32.2,32.95,29.25,29.73,26696817
30.34,30.85,29.48,30.69,16589071
30.3,30.8,29.91,30.68,11020979
30.42,30.81,29.9,29.96,11783227
30.17,31.06,29.46,29.54,17632245
28.84,29.4,26.3,28.26,35803219
27.81,28.35,26.21,26.57,27859942
25.51,27.12,24.93,25.68,28972860
25.62,26.29,23.75,23.8,24393042
22.59,24.42,21.25,23.04,37802140
23.71,26.84,23.5,26.72,20772754
27.96,28.0,25.04,25.68,20216185
25.11,25.23,23.28,23.37,18091449
23.37,24.6,22.07,24.27,21418187
23.69,25.85,23.44,24.75,17986196
24.96,26.55,24.59,26.55,14070913
26.1,26.18,25.09,25.31,14680776
24.68,24.68,22.32,23.05,20568443
22.94,23.64,21.89,23.4,17447717
21.74,23.2,21.5,22.61,16247775
22.02,22.55,21.36,21.37,15084045
21.99,24.23,21.52,23.91,21834280
23.75,25.4,23.5,23.97,17071416
24.92,25.55,24.17,25.33,14182525
25.02,26.47,24.94,25.91,17466712
25.85,25.85,24.19,25.04,19742851
25.29,26.24,25.29,26.02,16845888
25.91,25.97,24.1,24.23,15063820
24.13,24.27,22.32,22.81,23047211
21.55,24.2,21.41,23.36,28706587
23.9,23.9,21.66,22.08,16588864
21.85,22.41,20.49,21.78,23174869
21.36,21.71,20.03,20.16,21259480
20.3,21.75,19.58,21.65,24066488
21.14,22.39,20.94,21.08,16888572
20.08,20.74,19.58,19.74,20664539
19.92,20.98,19.86,20.67,21953955
20.56,21.03,19.93,19.94,22434880
19.59,20.15,18.6,18.73,26922802
19.24,21.13,18.78,21.12,28136927
21.36,22.91,20.6,22.2,24044276
22.3,22.68,21.3,22.03,20415561
21.3,22.77,20.94,22.5,13904048
22.42,22.54,21.82,22.52,7577055
22.04,22.13,20.27,20.33,17970179
20.65,21.55,20.3,21.46,20051182
20.6,22.0,20.57,21.94,16332704
21.54,22.56,21.46,21.79,17200121
21.51,22.84,20.87,22.77,17995646
23.0,26.1,22.91,24.92,34088073
24.08,24.88,23.32,23.53,26433428
23.85,24.2,23.3,23.7,16293547
23.41,23.66,22.58,22.82,14867077
22.12,22.86,21.93,22.61,15045719
22.93,22.98,22.34,22.77,12908775
23.04,24.17,22.57,23.78,22276588
23.57,23.94,23.14,23.58,14925521
23.67,23.9,22.5,22.83,18351959
23.0,23.2,22.18,22.43,21133747
22.41,22.53,21.28,21.93,12596861
22.18,22.5,21.76,21.85,9503049
21.91,22.21,21.79,21.99,3511543
22.29,22.42,21.96,22.18,3083199
22.15,22.15,21.15,21.47,7489204
21.48,22.5,21.38,22.48,11105360
22.57,22.95,22.52,22.69,9012048
22.76,24.03,22.5,23.92,9926756
23.51,24.0,23.29,23.5,11713826
23.81,24.83,23.8,24.31,12144349
23.89,23.89,22.92,23.18,12410764
23.1,23.22,22.51,22.9,12600661
23.12,23.12,22.23,22.31,11564326
22.3,22.48,21.61,21.86,11259795
21.52,21.93,21.03,21.2,15503148
20.93,21.2,20.42,20.8,15853797
20.8,21.61,19.95,21.36,18249243
21.67,22.14,20.78,21.46,16294731
21.46,21.66,20.15,20.24,19725114
20.84,21.31,20.46,21.23,17182372
20.79,21.2,20.47,20.97,16007875
20.43,20.97,19.98,20.61,15436874
21.08,21.42,20.5,20.86,10841468
20.91,21.5,20.85,21.25,12696527
21.64,22.4,21.6,22.28,13194348
21.93,22.02,21.12,21.25,11296641
21.31,21.65,20.51,20.68,15484839
20.08,20.5,19.84,20.2,16505336
20.78,20.79,19.76,20.62,27491146
19.59,20.09,18.71,19.0,48826604
18.87,19.3,18.17,18.71,34999214
18.76,19.64,18.65,19.45,20471220
19.82,19.82,19.1,19.44,15406240
19.28,19.44,18.64,18.76,22253802
18.95,18.98,18.26,18.5,19154454
18.33,18.88,18.03,18.83,20367075
18.72,18.9,18.4,18.52,11804937
18.07,18.11,17.72,17.84,21996264
17.95,18.01,17.53,17.63,18669377
17.78,18.01,17.22,17.69,19576665
17.25,17.88,17.13,17.53,22969800
17.71,17.84,16.92,16.97,15134623
17.11,18.15,16.97,17.92,16498618
17.78,17.8,17.03,17.36,16146719
17.54,17.6,16.84,16.86,12638070
16.68,17.13,16.42,16.77,18623989
16.48,16.55,15.9,16.05,17103294
16.16,16.69,15.99,16.36,19551248
16.52,17.22,16.09,16.94,15800518
16.5,16.6,15.85,15.99,17045845
15.84,16.42,15.32,15.83,20630732
15.48,16.24,15.46,15.59,14569175
15.23,16.62,15.14,16.61,24293155
16.76,16.98,16.38,16.59,14956878
16.8,17.49,16.57,17.43,16769646
17.64,17.64,17.01,17.13,17520227
17.27,17.69,17.12,17.21,18963266
17.2,17.83,17.16,17.82,11463997
17.72,18.37,17.5,18.11,16191436
18.15,18.3,17.48,17.7,17370157
17.8,17.98,17.08,17.45,17766791
17.83,18.92,17.74,18.92,15830945
18.09,18.7,18.04,18.29,16620420
18.34,18.88,17.86,18.53,16020125
18.68,19.14,18.4,19.06,15557329
18.81,18.95,18.4,18.59,13962407
18.12,18.26,17.54,17.85,13151782
18.06,18.49,17.82,18.16,14704495
17.92,18.82,17.84,18.79,12933537
19.25,20.5,19.15,20.21,25194049
19.91,20.39,19.78,20.0,18478331
19.78,20.0,19.35,19.62,11280830
19.38,19.38,19.03,19.12,11625625
19.19,19.55,19.0,19.36,12438015
19.83,20.07,19.6,19.88,13841753
19.6,19.69,19.27,19.53,14907309
19.35,19.39,18.8,19.02,14315806
19.12,19.8,19.04,19.73,12706668
19.9,20.64,19.72,20.51,15450015
20.57,20.7,20.08,20.38,14911026
20.0,20.01,19.23,19.41,14274777
19.22,19.51,19.15,19.47,11611113
19.3,19.74,19.0,19.4,15811908
19.42,19.73,19.16,19.63,14190362
19.84,20.46,19.56,20.26,16599351
19.62,20.15,19.6,19.74,17857271
19.6,19.79,19.31,19.51,23172476
19.68,21.43,19.47,21.01,28270655
21.28,22.57,21.15,21.9,36593213
21.76,21.98,21.12,21.94,15717949
22.01,22.9,21.84,22.86,17606578
22.69,23.34,22.66,23.15,16862978
24.95,26.29,24.66,25.87,49777063
25.8,26.17,24.98,25.33,23982703
25.7,26.0,25.0,25.46,18173635
25.11,25.17,24.68,24.71,14656578
24.9,24.9,23.9,24.32,15536824
23.89,23.99,23.43,23.6,14055867
23.65,23.97,23.27,23.48,11893320
23.45,24.22,23.27,23.41,20991732
23.62,24.26,23.55,24.21,9356326
24.25,24.4,23.75,23.82,11906349
24.0,24.28,23.41,23.55,10524144
23.08,23.3,22.93,23.23,12632886
23.25,24.0,23.05,23.7,11099036
23.47,24.61,23.38,24.54,16299788
24.44,24.72,23.77,23.87,14981395
24.07,24.4,23.49,23.99,12314637
24.14,24.25,23.5,24.22,11215502
24.83,25.26,24.75,25.03,11989975
25.09,25.46,24.88,25.13,9792837
24.86,25.16,24.75,25.08,10891914
25.01,25.22,24.81,25.14,11521726
25.48,25.55,24.85,24.95,10980676
24.94,25.55,24.63,25.33,10700654
25.18,25.49,25.08,25.33,8543137
25.47,25.52,24.82,25.1,11791174
25.15,25.64,25.1,25.23,9577462
25.03,25.39,24.52,25.06,7332339
24.78,24.78,24.04,24.25,7871476
24.31,24.43,23.37,23.49,13346297
23.43,23.95,23.36,23.68,8615028
23.76,23.97,23.51,23.72,9313728
23.89,24.12,23.38,23.53,13805662
23.19,23.33,22.63,22.66,12356503
22.72,23.07,22.55,22.88,9802261
23.08,23.48,22.78,22.9,10006692
22.86,23.73,22.78,23.55,11652781
23.42,23.56,23.15,23.43,12089341
23.5,23.84,23.31,23.66,7735834
23.7,23.75,23.04,23.33,10805260
23.5,23.93,23.39,23.45,8102094
23.18,23.45,22.57,22.84,15562233
22.68,23.14,22.6,23.09,14452164
23.11,23.22,22.5,22.53,15263642
22.68,22.84,22.05,22.24,14542752
22.38,22.64,22.1,22.53,9779557
22.29,22.72,22.14,22.41,11075926
22.49,22.78,22.07,22.7,8433249
22.72,23.21,22.66,23.11,10362994
23.37,24.13,23.37,24.08,12112724
24.54,24.99,24.36,24.79,15465056
24.81,24.83,24.43,24.51,10516727
24.98,25.43,24.77,25.37,13801912
25.39,25.54,24.96,25.2,13081773
25.09,25.6,24.99,25.38,8490689
25.45,26.84,25.31,26.8,17221287
26.63,26.82,26.17,26.58,8817902
26.55,26.68,26.22,26.45,9799825
26.57,26.59,26.09,26.37,10801271
26.18,26.64,25.78,25.89,11834936
26.38,26.7,26.19,26.22,17084094
25.39,25.64,25.04,25.12,25057212
25.52,25.61,25.36,25.52,18169133
25.35,25.66,25.24,25.64,10077299
25.64,25.7,24.99,25.27,12043303
25.35,25.62,25.07,25.37,9145124
25.63,26.83,25.6,26.69,14579406
26.42,26.54,26.14,26.44,8199051
26.33,26.41,25.77,25.9,8745418
25.91,26.47,25.75,26.22,9023916
26.28,26.35,25.71,26.26,10621779
26.23,26.47,25.54,25.86,8901350
25.38,25.54,24.89,25.09,9396009
25.23,25.28,24.95,25.2,9701179
25.0,25.6,25.0,25.48,11145481
25.53,25.99,25.47,25.89,10030170
26.05,26.86,25.87,26.79,13725647
26.99,27.12,26.73,26.8,9356398
26.98,27.3,26.8,26.87,11427876
26.72,27.2,26.59,27.0,10588110
27.1,27.11,26.51,27.01,9044599
27.08,27.08,26.59,26.84,9270020
26.49,26.97,25.75,26.04,29468847
25.89,26.67,25.59,25.68,26083159
25.63,25.65,25.26,25.4,14833220
25.59,25.63,25.25,25.44,11087573
25.45,26.03,25.35,25.9,11638462
26.31,26.36,26.09,26.28,12399351
26.29,26.99,26.15,26.95,19096552
26.96,28.37,26.96,28.36,21856303
28.35,28.42,28.01,28.42,14221686
28.19,28.29,27.79,28.08,12299323
28.0,28.37,27.83,28.29,10712357
28.31,28.46,28.1,28.37,10020204
28.31,28.53,28.14,28.46,13941387
28.57,28.68,28.25,28.44,14104726
28.12,28.18,27.66,28.0,10935679
28.13,28.4,28.01,28.38,9578895
28.49,28.6,28.04,28.08,11057565
28.13,28.32,27.65,27.97,11950203
28.0,28.02,27.53,27.62,13627925
27.77,28.38,27.72,28.23,8633013
28.26,28.44,27.94,27.94,8058272
27.93,28.0,27.25,27.46,18600625
27.76,27.76,27.0,27.36,16124824
27.05,27.27,26.84,27.21,14635267
27.16,27.77,27.0,27.67,10263281
27.83,28.33,27.67,28.18,11016329
28.29,28.45,27.96,28.17,6861329
28.27,28.99,28.25,28.67,10366792
28.67,28.76,28.45,28.64,7092385
28.71,29.15,28.49,28.64,6959997
28.6,28.79,28.36,28.41,9426373
28.69,29.0,28.48,28.91,9542018
28.73,29.25,28.7,29.23,8734009
29.02,29.52,28.81,29.4,12048727
29.4,29.98,29.2,29.87,12635097
29.73,29.73,28.99,29.35,10377732
29.33,29.96,29.2,29.23,9611239
29.07,29.57,28.85,29.44,7548468
29.36,29.47,28.69,28.89,9778225
28.87,29.47,28.42,28.65,13255864
28.63,28.93,28.01,28.17,11176565
28.07,28.16,27.23,27.24,14359658
27.46,28.16,27.18,28.14,13172500
28.14,28.31,27.28,27.37,12957516
27.38,27.86,27.01,27.41,13301318
27.26,27.73,27.1,27.62,12044443
28.12,28.73,27.9,28.03,12832823
28.23,29.1,28.23,29.0,12130888
28.79,29.0,28.34,28.56,11862517
28.67,29.07,28.23,29.0,12643478
29.01,29.3,28.95,29.12,16938180
29.21,29.47,29.11,29.29,11552297
29.4,29.46,28.9,29.05,18282043
29.75,30.53,29.71,30.44,29085607
30.12,30.88,30.03,30.7,12891133
30.27,30.92,30.25,30.87,10173507
30.68,30.78,30.3,30.67,7843545
30.26,30.4,29.92,30.21,8148474
30.07,30.25,29.85,30.01,9205790
30.31,30.76,30.31,30.48,8046471
30.46,30.53,30.1,30.23,7829685
30.24,30.75,30.0,30.61,10274899
30.07,30.5,29.8,30.35,5688000
30.23,30.37,29.95,30.22,10260456
30.44,30.77,30.44,30.73,9318460
30.56,30.87,30.5,30.79,11386218
30.8,30.97,30.3,30.33,9511654
30.68,31.1,30.42,30.84,14406306
30.93,31.24,30.82,31.0,12451426
30.87,30.98,30.45,30.68,8702921
30.93,30.93,30.52,30.7,9267834
30.85,31.52,30.75,31.3,13609519
31.49,31.83,31.37,31.7,15481904
31.92,32.08,31.81,31.83,9230700
31.7,32.33,31.61,32.18,15183742
32.2,32.59,32.2,32.43,11940213
32.17,32.29,31.65,31.93,14592531
32.08,32.17,31.58,31.95,15229617
32.05,32.49,31.99,32.4,7702893
32.31,32.5,32.22,32.31,9161918
32.31,32.47,32.04,32.43,6567860
32.02,32.34,31.94,32.29,3557355
32.24,32.36,31.8,31.91,7981601
32.05,32.48,32.01,32.38,6242072
32.31,32.38,32.1,32.28,6692426
32.27,32.75,32.22,32.25,19652105
32.5,32.75,31.87,32.07,13700385
32.07,32.16,31.7,31.99,10307697
31.9,32.0,31.68,31.82,10709499
31.77,31.86,31.54,31.83,8202059
31.66,31.94,31.53,31.88,7657457
31.53,31.74,31.09,31.36,11254030
31.02,31.12,30.68,30.82,14618808
30.89,31.37,30.87,31.29,9620530
31.13,31.18,30.96,31.02,9236595
31.01,31.15,30.41,30.6,13936359
30.59,31.19,30.5,31.01,9662088
31.0,31.24,30.72,31.19,13302792
31.14,31.42,30.57,30.61,15403550
30.5,30.71,29.95,29.98,14459398
30.22,30.23,29.55,29.92,11155795
29.8,29.94,29.32,29.66,11197240
29.56,29.81,29.01,29.32,16122631
29.43,29.48,28.71,29.35,17128825
29.37,29.82,29.25,29.55,14508358
29.6,29.77,29.34,29.52,10894198
29.53,30.01,29.22,29.98,10102153
29.92,30.87,29.79,30.75,15976392
30.28,30.49,29.66,29.67,13407822
29.63,29.84,28.99,29.54,11956466
29.76,29.95,29.46,29.48,10657117
29.89,30.04,29.48,29.84,14376704
29.16,30.09,29.03,30.03,24191943
29.82,30.43,29.76,30.16,12389346
29.86,30.2,29.86,30.07,12802612
30.28,30.5,30.17,30.47,9061763
30.54,30.93,30.38,30.86,9768588
30.86,31.07,30.68,31.02,8212258
30.94,31.52,30.85,31.23,12596007
31.35,31.47,31.06,31.12,7868136
31.03,31.27,30.86,30.92,10228540
31.05,31.5,31.01,31.39,12062095
30.88,31.41,30.85,31.36,10553784
31.39,31.41,30.98,31.24,13449768
31.4,31.6,31.34,31.54,8680911
31.41,31.92,31.39,31.88,14070649
31.95,31.96,31.55,31.64,10345466
32.02,32.86,31.92,32.57,23076369
32.79,33.22,32.75,33.22,19205754
32.96,33.5,32.95,33.19,13177691
33.0,33.34,32.78,33.31,11072968
33.18,33.6,33.1,33.33,9652998
33.32,33.81,33.12,33.81,11398970
33.81,33.81,33.47,33.69,9610444
33.52,33.75,33.36,33.72,8235895
33.74,33.83,33.49,33.75,8472894
33.79,33.84,33.53,33.75,7858392
33.69,33.85,33.52,33.78,8044625
33.81,33.98,33.48,33.64,16728959
33.47,34.19,33.42,33.95,11717579
34.0,34.1,33.73,34.01,7037962
33.91,34.43,33.87,34.39,12195190
34.49,35.5,34.42,35.09,32708621
34.89,35.6,34.85,35.31,22909751
35.28,35.42,34.97,35.16,12560665
35.13,35.2,34.76,35.1,17201846
35.07,35.2,34.81,34.91,10789476
35.07,35.59,35.01,35.55,14603035
35.28,35.54,35.07,35.22,10608093
35.24,35.61,35.1,35.47,12637701
35.39,35.49,35.06,35.32,9242151
35.28,35.75,35.14,35.67,9916274
35.82,36.88,35.64,36.22,21346089
36.14,36.33,35.8,35.89,10410802
35.87,36.06,35.71,35.84,10924067
35.89,36.21,35.77,36.2,9267754
36.08,36.51,35.86,36.4,9186814
36.22,36.51,35.68,35.83,12334732
35.8,36.17,35.58,36.17,9840403
36.28,36.65,36.28,36.54,16515195
36.39,36.75,36.35,36.56,9039653
36.3,36.87,36.12,36.78,10494552
36.8,36.85,36.49,36.79,7677095
36.76,37.14,36.67,37.04,9983116
36.78,36.82,36.16,36.32,10931887
36.52,36.55,35.96,36.29,10930846
36.5,37.39,36.5,37.22,10576780
37.19,37.49,36.6,36.84,11456411
36.95,37.98,36.84,37.56,10887476
37.29,37.3,36.32,36.59,13195624
36.43,36.56,35.08,35.34,17964631
35.16,35.55,31.0,34.01,25182644
33.86,34.35,32.77,33.41,22580577
34.99,35.63,34.56,35.29,18284615
35.52,36.25,35.14,35.76,19853157
34.98,36.21,34.82,35.13,25533311
35.18,35.53,34.74,34.75,15446343
34.66,34.78,33.83,34.06,16945117
34.22,34.34,33.29,34.2,15136931
34.36,34.64,33.52,33.73,17396015
33.47,33.8,33.09,33.39,18537023
32.76,32.96,31.99,31.99,26617360
31.4,32.87,31.4,32.87,20123071
32.56,32.99,32.11,32.48,14047620
31.58,32.37,31.21,32.32,26555900
32.51,33.85,32.14,33.07,25298682
33.6,34.37,33.48,34.37,16214711
33.7,34.05,33.24,33.42,15833122
33.06,33.87,32.85,33.33,15439124
33.57,34.79,33.46,34.74,18309285
34.92,35.1,34.31,34.71,17752439
34.06,34.35,33.44,33.69,21813072
33.7,34.07,33.01,33.04,14577624
33.03,33.32,32.41,33.15,15662434
33.3,33.82,32.83,32.94,13714135
33.53,34.23,33.45,34.11,13720176
33.85,34.26,33.58,34.24,8807528
34.49,34.57,33.92,33.93,9336756
34.11,35.0,34.11,34.99,11552301
34.79,34.93,34.48,34.79,9416200
34.8,35.11,34.6,35.07,10951054
35.19,35.35,34.92,35.15,14674180
35.5,35.83,34.86,35.06,11384216
35.12,35.46,34.29,34.35,9731963
34.36,34.63,34.05,34.34,9473961
34.13,34.18,33.46,33.6,10273460
33.5,33.68,33.12,33.48,11155628
33.56,33.76,33.05,33.22,7801989
33.31,33.37,32.04,32.3,15878308
32.16,32.51,31.36,31.5,17186331
31.47,32.1,30.91,31.49,19906185
31.56,31.68,30.72,31.38,15597260
31.77,32.3,31.38,31.72,15215422
31.73,33.17,31.66,33.14,14309482
33.33,33.54,32.9,33.34,10043989
33.38,33.8,33.37,33.75,8530805
33.58,33.89,33.39,33.77,10094258
34.11,34.67,33.96,34.45,8652919
34.24,34.51,33.92,34.24,7955062
34.15,34.42,33.6,34.05,10657381
33.89,34.0,32.92,33.03,13060062
33.09,33.5,32.99,33.31,9646907
33.33,33.45,32.8,33.4,11631999
33.47,33.6,32.63,32.81,10151060
33.09,33.77,33.05,33.59,9984455
33.52,34.21,33.45,34.13,10790200
34.09,34.72,34.09,34.4,10109366
34.66,34.66,33.96,34.28,7102960
34.19,34.21,33.8,34.04,6089132
34.22,34.8,33.42,33.71,9946709
33.37,33.88,33.02,33.69,7805184
34.14,34.68,34.13,34.48,9948794
34.44,34.55,34.02,34.21,8503206
34.41,34.96,34.14,34.83,9840670
34.68,35.05,34.56,34.98,8413275
34.58,35.09,34.39,35.0,8061671
34.96,35.23,34.9,35.16,7813114
34.89,35.41,34.73,35.29,12353336
34.77,34.77,34.13,34.22,15048564
33.85,34.3,33.71,33.99,11809522
33.79,33.81,33.41,33.68,11058028
33.44,33.75,33.11,33.66,6921837
33.92,33.99,33.51,33.76,9875193
33.81,34.22,33.4,33.91,8324967
33.72,33.78,33.06,33.19,12070685
33.0,33.2,32.71,33.05,8632689
33.23,33.55,32.8,32.93,8046484
32.49,32.7,31.97,32.14,14231159
31.87,32.24,31.55,32.11,14147763
32.18,32.44,31.88,31.94,10129630
32.13,32.85,31.58,32.78,11143925
32.73,32.99,32.32,32.35,7085909
32.2,32.83,31.91,32.54,12520719
33.0,33.7,32.91,33.51,10020901
33.62,33.98,33.53,33.91,7034534
34.02,34.7,34.02,34.67,8473757
34.5,34.63,33.66,33.84,10733014
33.88,34.1,33.75,33.84,8373558
34.34,34.49,34.0,34.08,6990562
34.16,34.28,34.05,34.15,7364303
34.42,34.67,33.92,34.27,8836147
34.23,34.23,33.72,34.05,7761798
34.01,34.42,33.88,34.21,7262226
34.09,34.19,33.71,34.17,7297803
34.38,34.73,34.36,34.56,19012707
34.56,34.99,34.53,34.9,10234914
34.91,34.98,34.27,34.5,11630596
34.57,34.81,33.9,33.99,9897671
33.67,33.73,33.0,33.12,18090891
33.38,33.82,33.31,33.58,10657032
33.6,33.66,33.28,33.29,7883960
33.37,33.47,32.94,33.22,12866444
33.03,33.18,32.68,33.01,9231186
33.19,33.5,32.83,33.1,14459501
33.3,33.58,33.12,33.34,12916223
33.23,33.6,33.08,33.14,10710319
33.39,33.99,33.36,33.83,14555361
33.84,33.98,33.44,33.72,11344117
33.78,33.98,33.68,33.91,9029755
33.97,34.7,33.8,34.51,12971672
34.52,34.74,34.43,34.57,5348694
34.36,34.61,33.96,34.48,9077890
34.66,35.2,34.59,34.91,14427944
34.79,34.95,34.58,34.85,7361030
35.04,35.15,34.56,34.88,9645748
34.83,35.0,34.5,34.75,6936915
34.5,34.6,34.0,34.24,9554677
34.27,34.75,34.27,34.62,10117283
34.76,35.04,34.46,34.68,16924618
34.67,34.99,34.3,34.97,9599013
35.16,35.72,35.1,35.46,11230485
35.13,35.97,34.99,35.96,14810368
35.6,35.96,35.47,35.92,11755587
35.95,36.52,35.94,36.51,14225936
36.51,36.51,35.83,36.12,12931174
36.21,36.49,35.76,36.03,8460007
36.37,36.45,36.1,36.11,16356027
36.12,36.43,35.95,36.29,12051270
36.5,37.16,36.46,37.03,16674825
36.78,37.27,36.78,37.2,9715178
37.05,37.14,36.89,37.06,6802546
37.19,37.23,36.68,36.86,7599927
36.91,37.0,36.51,36.99,7857129
36.88,37.39,35.15,35.93,37821747
36.76,38.0,36.6,37.75,39192689
37.42,37.66,37.14,37.25,11658317
36.87,37.29,36.71,36.92,12442320
36.8,37.32,36.7,37.22,10600409
37.2,37.78,37.2,37.58,9520355
37.1,37.33,36.75,37.01,13691959
36.88,37.05,36.52,36.95,6558795
36.53,36.62,36.0,36.12,11925883
36.36,36.98,36.3,36.87,9113310
36.51,36.93,36.43,36.7,3490898
36.45,36.71,36.1,36.42,8495129
36.04,36.83,36.02,36.51,17581055
37.15,37.41,37.04,37.12,15010841
37.06,37.59,37.05,37.34,13971811
37.05,37.67,37.05,37.59,6906875
37.43,37.73,37.28,37.56,5086284
37.84,37.98,37.31,37.33,8129218
37.47,37.49,36.94,36.97,8561857
36.87,37.0,36.51,36.74,6547191
36.86,36.95,36.6,36.66,6755487
36.95,37.48,36.57,37.13,12361682
37.19,37.5,37.14,37.24,6955660
37.16,37.37,36.9,36.95,7263554
37.02,37.18,36.9,37.01,7649735
36.97,37.17,36.77,37.05,11285382
37.03,37.34,36.84,37.06,5114021
37.17,37.42,37.1,37.33,4793198
37.43,37.99,37.34,37.95,7229038
37.85,37.94,37.52,37.7,4513022
37.55,37.75,37.3,37.48,3518871
37.46,37.52,37.07,37.36,3469995
37.45,37.84,37.31,37.6,5105777
37.58,37.65,37.39,37.48,3411767
37.37,37.6,37.21,37.51,3650797
37.74,38.0,37.62,37.82,7591231
37.93,39.0,37.85,38.99,21974184
39.23,40.0,39.17,39.96,22003369
39.69,39.89,39.44,39.65,14745131
39.55,39.68,39.16,39.45,6603706
39.01,39.55,38.92,39.5,8772618
39.6,39.81,39.24,39.4,6499970
39.48,39.65,39.04,39.17,9586817
39.18,39.36,39.01,39.26,7084008
39.1,39.34,39.0,39.29,5214792
39.07,39.51,39.0,39.39,7891937
39.09,39.49,38.96,39.09,8379601
39.01,39.39,38.51,39.17,8983732
39.29,39.94,39.28,39.74,10931762
39.64,39.95,39.54,39.94,7795408
39.79,39.92,39.46,39.86,7923795
39.84,39.93,39.36,39.44,9777070
39.54,39.69,39.25,39.46,8235402
39.36,39.79,38.65,38.85,8399967
39.04,39.25,38.64,38.87,8206393
39.04,39.95,39.04,39.88,9282981
39.8,40.71,39.8,40.49,15374714
40.4,40.75,40.28,40.5,9515214
40.47,40.77,40.41,40.71,11142184
40.8,41.2,40.71,40.94,7283855
40.9,41.24,40.79,41.18,11850192
42.76,44.05,42.72,43.36,35806086
42.78,43.66,42.73,43.31,14829732
43.04,43.51,43.0,43.41,14205655
43.19,43.41,42.98,43.24,7500544
43.0,43.57,42.98,43.09,12069136
43.21,43.71,43.05,43.7,7902718
43.5,43.9,43.47,43.7,6395904
43.65,43.65,43.26,43.56,15918468
42.83,43.15,42.4,42.65,14162937
42.91,43.28,41.97,42.13,18835019
42.0,42.47,41.6,42.42,14510724
42.5,43.13,42.4,42.95,9458083
43.02,43.87,43.0,43.74,12565544
43.63,43.79,42.97,42.99,12094384
43.14,43.62,42.98,43.29,7624807
43.61,44.24,43.61,44.07,9679666
44.03,44.34,43.1,43.55,11132183
43.53,43.61,42.38,43.02,11770177
43.06,43.58,42.73,43.2,6871394
43.24,43.38,42.81,43.12,5388356
42.65,42.83,42.16,42.47,10239107
42.43,43.12,42.26,42.93,6960354
42.64,42.68,41.58,42.24,11011551
41.13,41.86,40.63,41.62,14579127
41.22,41.58,40.42,40.6,16770713
41.19,41.2,40.48,40.76,9386611
41.25,41.67,41.17,41.23,13300102
41.46,41.99,40.99,41.82,7131475
41.85,41.95,41.38,41.44,6892685
41.4,42.35,40.87,42.24,11706294
42.47,42.99,42.4,42.86,7017792
42.94,43.24,42.78,42.97,7948125
43.19,43.3,42.52,42.52,6026052
42.58,43.03,42.36,42.94,5459721
43.15,43.48,43.05,43.35,7012495
43.06,43.21,42.7,43.09,7214803
43.23,43.38,42.64,42.85,8417152
42.87,43.05,42.51,42.63,6848647
42.66,42.83,42.2,42.43,7642356
42.72,42.73,42.06,42.27,7827883
42.18,42.27,41.5,42.04,9461465
42.22,42.24,41.4,41.76,7274907
41.76,41.94,41.55,41.89,6885108
41.59,41.75,41.25,41.63,8390193
41.83,42.02,41.49,41.7,5967021
41.5,41.56,40.84,41.02,11206420
41.23,41.71,40.96,41.52,8371968
40.97,41.28,40.46,41.2,9983339
41.08,41.46,40.88,41.35,6907863
41.88,42.46,41.76,42.04,7420841
42.32,42.4,42.1,42.27,4872047
42.34,42.35,41.87,41.93,5157785
41.98,42.44,41.72,42.33,7291376
42.26,42.68,42.18,42.58,5400003
42.38,43.15,42.38,43.02,6532016
43.02,43.35,42.81,43.1,5740911
43.47,43.79,43.1,43.27,5606792
43.25,43.57,42.89,43.07,6210424
42.94,43.24,42.3,42.62,7484468
42.51,43.25,42.44,42.69,8256411
43.3,43.5,42.85,43.06,7811791
43.32,43.35,42.92,43.1,6312668
43.24,44.12,43.1,43.91,12547601
42.11,42.58,41.11,41.52,38474350
41.51,41.76,40.94,41.58,13098298
41.61,41.87,41.25,41.52,8422193
41.26,41.3,40.89,40.93,11704586
40.86,41.14,40.68,41.01,10041824
40.94,41.45,40.9,41.42,9953779
41.55,41.74,41.14,41.38,10068654
41.34,41.84,41.12,41.5,9220000
41.15,41.33,40.95,41.16,7965275
41.27,41.34,40.87,41.09,8459568
40.92,41.34,40.85,41.13,7032492
41.02,41.22,40.55,40.99,11194014
41.19,41.67,41.19,41.52,8529610
41.9,41.99,41.48,41.63,10978633
41.53,41.59,40.32,40.4,12633194
40.35,40.69,39.99,40.06,13421396
39.66,39.66,39.17,39.38,15136004
39.18,39.7,39.14,39.4,9193310
39.61,39.88,39.33,39.35,8684337
39.46,39.65,39.14,39.23,8482934
38.95,39.53,38.85,39.37,9642201
39.15,39.33,38.42,38.5,13096734
38.63,38.86,38.35,38.37,9253924
38.68,38.86,38.51,38.59,10074655
38.38,38.82,38.24,38.39,10716183
38.37,38.47,37.77,38.01,11809852
38.31,38.37,37.98,38.04,12659336
37.85,38.27,37.65,38.23,8746194
38.45,38.89,38.25,38.78,7814947
38.56,38.77,38.28,38.31,8548219
37.88,37.93,37.19,37.82,11874753
37.91,38.02,37.39,37.58,13425391
37.62,38.42,37.47,38.07,8259448
38.17,38.45,37.79,37.92,11912695
38.11,38.43,37.73,38.35,9615125
38.5,39.12,38.35,39.04,10049750
39.15,39.86,39.03,39.72,9245223
39.77,40.18,39.6,39.97,9444832
39.95,39.95,39.27,39.57,11435751
39.85,40.06,39.73,39.74,10227674
39.98,39.98,39.2,39.91,11795083
39.49,39.54,39.08,39.22,9785424
39.34,39.52,39.03,39.15,11310911
39.25,39.83,39.09,39.56,12361667
39.53,39.84,39.39,39.58,13293998
39.72,39.82,38.98,39.27,18307475
39.12,39.12,38.46,38.75,11309503
39.04,39.73,38.99,39.54,7987498
39.58,39.85,39.28,39.36,6126364
39.69,40.87,39.67,40.74,13469738
40.78,40.97,40.54,40.65,7723656
40.25,40.89,40.16,40.56,6840835
40.38,40.8,40.37,40.51,9292920
40.35,40.37,39.42,39.52,10736513
39.46,39.83,39.18,39.4,11028335
39.05,39.31,38.5,38.62,16049907
38.73,38.75,37.82,38.44,11500286
38.06,38.43,36.93,36.97,13652266
36.94,37.5,36.47,37.43,11804574
36.85,36.89,35.26,35.35,19370140
35.79,35.95,34.4,35.18,22784815
34.06,34.57,33.01,33.03,35133939
33.47,34.75,32.31,34.7,31844660
31.84,32.27,29.6,31.54,87060529
31.83,33.08,31.81,32.12,36395416
32.76,33.56,32.44,33.09,24427199
33.43,33.8,33.08,33.65,17846516
33.12,33.67,32.75,33.42,18558743
33.61,33.75,32.84,33.37,12741172
32.47,32.69,32.17,32.55,23736190
31.95,32.98,31.82,31.85,19006681
32.42,32.65,31.94,32.02,15002010
32.07,32.11,31.33,32.11,30417695
32.01,32.58,31.73,32.51,12597241
32.53,32.83,31.88,32.01,10804962
32.12,32.64,31.36,32.4,11247280
32.72,33.17,32.61,33.16,8397428
33.12,33.87,32.82,33.58,14060037
33.85,34.32,33.74,34.06,12281920
34.09,34.33,33.34,33.38,10224639
32.84,33.04,32.41,32.46,9145736
31.46,31.94,31.32,31.76,12845899
32.15,32.68,31.98,32.63,11470963
32.42,32.66,31.91,31.95,10674440
31.64,31.72,30.73,31.04,17509376
30.69,31.31,30.52,31.29,10439907
31.36,31.61,31.02,31.45,9792132
31.67,32.73,31.23,32.29,12593074
32.58,32.99,32.43,32.94,8466898
33.14,33.3,32.63,32.91,16655517
32.38,32.64,32.06,32.51,9979641
32.66,32.88,32.23,32.31,10117721
32.33,32.52,31.24,31.28,12619092
30.54,30.9,29.18,29.55,26238312
29.46,29.9,29.05,29.83,20944667
30.06,30.34,29.68,30.3,14202509
30.99,31.71,30.59,31.16,15724577
31.27,31.42,30.38,30.48,11414965
31.15,31.52,30.23,30.65,12114761
30.16,30.7,29.99,30.16,15137291
30.03,30.33,28.99,29.0,13899273
28.73,29.97,28.19,29.86,18953297
30.35,31.55,30.31,31.51,17827489
31.23,32.05,31.02,32.03,12659394
32.2,32.37,31.61,31.7,12070099
32.36,33.1,32.3,33.0,7892360
33.11,33.28,32.24,32.61,12891153
32.96,34.43,32.75,33.76,17364779
33.39,33.73,33.26,33.55,6837822
34.02,34.53,33.91,34.47,10694950
33.83,34.22,33.18,33.39,9989060
33.46,34.2,33.14,33.94,10980504
33.88,34.35,33.47,33.61,7478971
33.85,34.12,33.25,33.84,7319746
34.18,35.16,34.09,35.16,13707673
35.24,35.71,35.02,35.37,8838272
35.2,35.35,34.41,34.51,7812429
34.88,35.19,34.09,35.05,10407263
35.79,36.6,35.63,36.15,11320807
36.23,36.34,35.72,36.21,8478020
35.72,35.79,34.86,34.88,10152079
34.43,34.47,33.31,33.6,13364345
34.13,34.38,33.8,34.07,8538239
34.57,35.12,33.97,35.03,9276054
34.81,35.01,34.33,34.76,6431324
34.86,35.17,34.61,35.15,6943688
35.44,35.46,34.34,35.29,10710889
34.59,34.59,33.66,33.79,11913912
34.16,34.76,33.65,34.64,12170568
36.63,37.42,36.37,36.7,22392161
36.33,36.42,35.88,36.12,9632199
35.96,37.0,35.96,36.45,14226683
35.96,36.32,35.47,35.53,10809976
35.38,35.86,34.8,35.15,32561906
35.39,35.78,35.24,35.63,32200229
35.48,35.63,34.22,34.33,39966520
34.21,34.47,33.41,34.02,12502562
33.58,33.78,33.4,33.4,10763962
33.5,34.22,33.28,33.51,4991843
34.27,34.53,33.76,34.07,8656311
34.34,34.5,33.97,34.0,7655319
34.68,35.89,34.66,35.85,16539813
36.03,36.33,35.72,35.99,10350940
36.33,36.83,36.3,36.61,10202404
37.04,37.37,36.73,36.94,9974773
36.87,37.2,36.75,36.83,6577862
36.71,37.33,36.46,37.1,9543749
36.86,36.96,35.82,35.92,9881972
36.17,36.77,36.17,36.56,7323389
36.2,36.77,35.92,36.65,10050878
36.69,37.12,36.18,36.33,12710650
35.7,36.0,35.12,35.16,10664012
35.52,35.72,34.98,35.19,9876150
35.45,35.74,35.15,35.32,20353475
35.39,35.55,34.51,34.75,11437001
35.17,36.38,35.15,36.17,10126394
36.23,36.7,35.75,36.27,8233438
36.38,37.0,36.26,36.95,8067592
37.13,37.72,37.11,37.7,6788664
37.61,37.8,37.4,37.61,5189467
37.65,37.71,37.16,37.24,4634287
37.45,37.8,37.25,37.71,5022966
37.73,37.8,37.36,37.5,4776071
37.97,38.46,37.94,38.31,9707286
38.19,38.99,38.12,38.85,9889933
38.83,39.58,38.7,39.5,14327028
39.55,40.15,39.45,39.91,14401542
39.74,40.25,39.59,39.75,12145236
39.48,39.91,39.16,39.63,14072288
39.39,39.53,38.45,38.7,16257650
38.62,38.86,38.41,38.73,10077388
38.47,38.59,38.02,38.4,9877677
38.69,38.98,38.41,38.48,9142749
38.51,39.1,38.4,39.02,9594943
39.01,39.47,39.0,39.44,7731124
39.42,39.44,39.1,39.31,7879847
39.38,39.5,38.96,39.25,7124505
39.03,39.27,38.57,39.25,9406936
39.12,39.68,38.96,39.56,10053948
39.59,39.75,39.06,39.35,7162536
39.27,39.5,38.98,39.25,9588317
38.74,39.11,38.38,38.99,8684041
39.08,39.31,38.66,38.9,14020605
39.25,39.67,39.16,39.33,8900934
39.22,39.25,38.56,38.91,9076857
39.43,40.0,39.36,40.0,11609933
40.0,40.59,39.96,40.46,11536485
40.73,41.15,40.2,40.98,20107290
41.37,41.91,40.99,41.27,21692126
40.75,41.64,40.55,41.53,13581935
40.94,41.45,40.83,41.45,10116346
41.62,41.92,41.45,41.79,9069404
41.5,41.62,41.26,41.6,8210289
41.48,41.75,41.12,41.25,7891999
41.23,41.73,41.08,41.54,7468611
41.71,41.86,41.55,41.75,7759584
41.8,41.9,41.49,41.57,5675099
41.55,41.71,41.15,41.27,6176439
41.28,41.67,41.09,41.48,6270943
41.44,41.58,41.23,41.31,6150515
41.7,41.95,41.3,41.64,9134164
41.75,41.97,41.55,41.93,6895911
41.87,42.37,41.85,41.99,14859215
42.13,42.54,42.13,42.39,7996055
42.26,42.53,42.04,42.36,5070657
42.35,42.77,42.11,42.7,9289092
42.24,42.32,41.73,42.0,10435190
42.0,42.07,41.7,41.75,7793591
41.99,42.32,41.94,42.02,6164661
42.12,42.57,42.03,42.24,6896364
42.53,42.85,42.15,42.34,6835357
42.55,44.08,42.43,44.01,15047538
43.59,43.7,42.9,43.48,10991559
43.5,43.5,43.17,43.47,6126550
43.42,43.52,43.18,43.19,8952454
43.07,43.58,42.95,43.44,6385559
43.0,43.31,42.93,43.24,6854132
43.42,43.87,43.27,43.27,9581956
43.08,43.4,43.01,43.29,8560670
43.33,43.71,42.86,43.65,8518927
43.94,44.41,43.92,44.38,10853820
44.39,44.5,44.09,44.15,9344676
44.04,44.15,43.26,43.51,9444237
43.2,43.27,42.3,43.01,10402479
43.52,43.85,43.1,43.78,9098596
43.59,44.0,43.32,43.84,7653740
43.67,43.75,42.91,43.29,7996962
42.9,42.99,42.48,42.93,8562403
42.84,43.18,42.68,43.08,6341122
42.13,42.27,41.96,42.11,6814209
41.87,42.13,40.88,40.99,10682166
41.51,41.7,41.0,41.37,6359377
41.43,42.2,41.25,42.15,5538660
42.03,42.22,41.7,41.85,7315448
42.06,42.13,41.54,41.66,6109264
41.88,42.74,41.88,42.68,6552963
42.48,42.61,42.32,42.49,3781914
42.43,42.51,41.8,42.08,7079260
42.24,42.84,42.24,42.35,7773043
42.25,42.25,41.73,42.01,6595549
42.03,42.43,41.97,42.18,4954769
42.4,42.76,42.38,42.7,4927110
42.74,43.56,42.69,43.36,7713675
43.6,43.65,43.12,43.35,5903021
43.32,43.35,42.84,43.11,6987196
43.18,44.09,43.15,43.79,9325318
43.57,43.81,43.3,43.54,8040128
43.54,44.13,43.49,43.81,9354951
43.6,43.71,42.84,42.93,7462163
43.65,43.95,43.31,43.82,11785263
43.78,44.49,43.09,44.3,19681173
44.46,45.8,44.41,45.02,21351201
45.14,45.59,45.05,45.28,14083646
45.13,45.8,45.0,45.56,9782055
45.17,45.5,44.98,45.17,8062719
45.23,45.8,44.92,45.01,10170433
45.15,45.55,45.06,45.08,8400571
45.15,45.23,44.3,44.33,8479650
44.46,44.49,43.62,43.81,10599856
43.81,44.41,43.51,44.39,8309351
44.49,44.7,44.13,44.39,6855823
44.24,44.46,43.82,44.21,8876669
44.41,44.6,44.01,44.44,9814362
44.49,44.96,44.38,44.5,8523472
44.7,45.5,44.6,45.48,10561363
45.02,45.48,44.86,45.2,11208985
45.13,46.1,45.06,45.71,14658793
45.15,45.35,44.34,44.4,14875469
44.47,44.69,44.14,44.41,9480526
44.51,44.92,44.2,44.84,11166636
45.02,45.6,45.0,45.53,9495001
45.84,46.22,45.53,45.63,10238816
45.7,46.25,45.59,46.24,10723380
46.35,46.63,45.73,45.8,7907498
45.75,46.41,45.58,46.38,7744436
46.25,46.65,45.99,46.23,7317506
46.4,47.45,46.21,47.18,12555581
47.41,47.43,46.92,47.09,11198454
46.96,47.4,46.8,47.1,8821008
47.43,48.0,47.28,47.51,8209568
47.64,47.97,47.43,47.73,7265060
47.8,47.89,47.22,47.4,10077681
47.39,47.52,46.91,47.47,18882641
47.22,47.23,46.55,46.7,6740714
46.88,47.47,46.82,47.3,7280785
47.27,48.08,47.23,47.87,6023719
47.67,47.84,46.98,47.82,6674161
48.52,48.95,48.22,48.5,10303170
48.62,48.75,48.24,48.72,7276694
48.67,48.75,48.42,48.59,3061111
48.28,48.55,47.83,48.11,7770133
47.77,48.18,47.7,48.04,5623038
48.06,48.18,47.76,48.0,5597063
48.17,48.38,47.18,47.36,8788486
47.45,47.59,46.97,47.27,6502077
47.38,47.8,46.85,47.41,8270648
47.4,48.38,47.38,48.19,7187317
47.96,48.12,47.69,47.86,5675144
48.44,49.92,48.4,49.35,15910945
49.14,49.67,48.96,49.35,7677546
49.39,49.62,48.73,48.99,9331097
48.6,48.95,48.5,48.59,8482754
47.77,48.06,47.42,47.98,8333270
48.03,48.33,47.69,48.16,8956677
48.33,48.64,48.01,48.3,7034410
49.06,49.86,49.06,49.71,10497154
49.89,50.54,49.69,49.94,16175067
49.95,50.14,49.65,49.8,8890537
49.78,49.85,49.09,49.14,10503251
49.78,49.85,49.09,49.14,0
48.6,48.99,48.13,48.98,9560938
49.81,49.87,49.36,49.77,8187766
49.97,50.0,49.65,49.65,6354479
50.01,50.31,49.72,49.81,13676413
49.36,50.65,49.05,50.49,14725310
50.28,50.47,49.85,49.96,10430394
49.9,49.92,49.32,49.65,7449587
49.53,49.98,49.46,49.86,4874940
49.93,50.15,49.53,49.69,6366021
49.65,49.97,49.65,49.89,4887028
49.99,50.42,49.8,50.25,8285810
50.35,50.55,50.26,50.46,6354625
50.32,50.59,50.15,50.45,6937030
50.41,50.48,49.51,49.64,7683500
49.6,50.15,49.5,49.66,6759330
49.61,49.66,49.03,49.17,5428236
49.08,49.61,49.01,49.56,5793607
49.49,49.85,49.41,49.63,6228710
49.44,49.85,49.29,49.63,7962320
49.64,50.17,49.59,50.04,7685081
49.72,49.78,49.37,49.42,6697705
49.64,49.9,49.4,49.47,6232720
49.54,49.83,49.23,49.66,6991086
50.14,51.24,50.09,50.79,16689507
50.7,51.87,50.64,51.86,10125387
51.87,52.0,51.66,51.74,8923587
51.61,51.8,51.48,51.52,7479419
51.47,51.67,51.43,51.56,6631746
51.6,51.79,51.27,51.7,7100278
51.73,52.67,51.73,52.6,11185008
52.45,52.75,52.17,52.35,9508295
52.32,52.43,51.96,52.15,7852831
52.03,52.12,51.77,51.9,7100837
51.78,52.95,51.78,52.7,7822414
52.43,52.91,52.43,52.66,8600654
52.94,53.39,52.73,52.74,13231188
52.67,53.05,52.61,52.92,6148035
52.89,53.4,52.54,52.54,7421595
52.42,52.6,51.77,51.94,8017898
52.12,52.78,51.97,52.58,5309395
52.41,52.53,52.05,52.28,6698647
52.31,52.86,51.92,52.07,6558214
52.13,52.25,51.47,51.64,7244706
51.72,52.69,51.69,52.47,6626795
52.72,53.08,52.39,52.63,6507785
52.84,53.15,52.76,52.97,5223159
52.37,52.5,52.11,52.33,5827909
52.32,52.33,51.46,51.51,8072025
51.39,51.63,51.09,51.21,6408370
51.33,51.56,50.2,50.34,10118373
50.55,50.75,50.42,50.59,6135967
50.59,50.81,50.36,50.79,6871333
51.17,51.5,51.08,51.24,4997298
51.4,52.4,51.33,52.29,7787813
52.26,52.74,52.12,52.42,6290762
52.5,52.59,51.6,51.9,8454853
51.81,52.05,51.4,51.79,6131763
51.33,51.35,50.75,50.76,8530942
50.95,51.08,50.56,50.65,6069430
50.93,51.03,49.96,50.26,6794011
50.36,50.54,49.52,50.08,8359770
51.15,51.24,48.8,49.12,20710494
49.28,50.31,49.28,49.78,10584132
50.63,50.99,49.77,49.86,14028496
50.81,50.86,49.82,50.32,9575399
50.57,50.7,50.08,50.47,7691592
50.65,50.65,49.59,50.08,8534063
50.09,50.84,49.92,50.04,11124112
46.99,47.95,46.53,47.06,34221157
47.49,47.63,46.96,47.45,12345582
47.28,48.42,47.28,47.96,12272735
48.03,48.04,47.05,47.17,9776420
47.24,47.64,46.96,47.47,11418677
47.59,47.76,47.05,47.42,9833517
47.7,48.03,47.45,47.91,8512404
47.78,48.5,47.66,48.44,7465057
48.5,48.95,48.4,48.68,6763765
48.89,49.28,48.8,49.26,3353598
48.98,49.42,48.91,49.03,6936169
49.06,49.2,48.53,48.6,6720886
48.47,49.25,47.84,49.2,8153047
49.51,49.85,49.32,49.72,7232285
49.81,49.94,49.25,49.66,12363811
49.77,50.0,49.27,49.29,8395402
49.25,49.44,48.85,49.3,8400839
49.43,49.9,49.14,49.59,9182589
48.78,49.13,48.56,49.06,4828874
49.18,49.38,49.0,49.24,5279158
49.21,49.51,49.19,49.3,5264497
49.37,49.99,49.36,49.48,9040039
49.76,50.07,49.42,49.64,6474443
49.61,49.69,48.91,49.11,6108063
49.01,49.12,48.55,48.67,8086566
48.72,49.32,48.67,49.28,10324568
49.35,50.32,49.15,50.22,14025965
50.15,50.51,49.94,49.94,8382310
49.83,51.06,49.83,50.93,8411298
50.41,50.75,49.68,50.0,15997271
49.92,50.2,49.84,49.88,2772295
49.85,49.98,49.45,49.85,4200116
49.8,50.0,48.9,49.53,6948372
49.35,49.7,49.02,49.15,6986238
48.89,49.8,48.8,49.79,10224498
50.8,51.25,50.64,51.1,11674910
51.05,51.34,50.84,51.21,7566532
51.38,52.34,51.33,52.19,8745873
51.76,51.76,50.66,50.97,9473295
50.88,51.18,50.57,50.76,8640152
50.93,51.5,50.76,50.78,8389095
50.87,51.24,50.59,50.79,8097851
50.82,51.02,50.45,50.58,7148974
50.4,50.83,50.18,50.59,9308781
50.47,51.15,50.43,51.09,7299484
50.85,51.78,50.8,51.53,7371822
51.84,52.7,51.84,52.41,10132816
52.24,52.34,51.81,52.34,8492176
52.39,52.8,52.18,52.73,6635177
52.86,54.16,52.78,53.95,13843176
54.03,54.87,53.92,53.95,13608062
53.8,54.56,53.61,54.38,7941636
54.28,54.56,54.1,54.36,7133828
54.15,54.21,53.53,53.99,7786877
53.85,54.0,53.55,53.79,9821812
53.84,54.25,53.65,53.88,7337484
54.18,54.87,54.15,54.59,9553898
54.16,54.5,53.8,53.9,7719472
54.36,54.41,54.0,54.29,10246343
55.4,55.5,54.41,54.52,26838650
54.07,54.48,53.41,54.36,11724157
54.38,54.72,54.31,54.66,9584743
54.65,54.98,54.59,54.75,6359467
54.77,55.05,54.69,54.95,8758025
55.08,55.3,54.66,54.96,5702255
54.92,55.17,54.71,54.88,8564886
55.05,55.62,54.89,55.61,17784485
55.58,55.95,55.57,55.73,7780551
55.62,55.82,54.56,54.6,8461142
54.58,54.82,54.01,54.17,6802578
54.39,54.58,53.93,54.25,7604629
54.6,54.79,53.59,53.59,9831411
53.81,54.04,53.6,53.9,6239018
53.9,54.66,53.85,54.48,7244992
54.54,55.04,54.39,54.59,6607238
54.31,55.37,54.3,55.33,8314387
55.16,55.84,55.0,55.8,6357424
55.95,56.58,55.9,56.48,7069693
56.53,56.84,56.25,56.36,5572562
56.36,56.47,56.01,56.32,4814697
56.56,57.51,56.52,57.39,8159110
57.39,57.75,57.34,57.66,7155519
57.52,57.63,56.7,57.11,7159414
57.16,57.44,56.94,57.34,5209862
57.35,57.82,57.27,57.75,5915489
57.5,57.78,57.34,57.58,13796440
57.08,57.19,56.75,56.83,5126376
56.83,57.05,55.76,56.31,8884130
56.59,57.15,56.54,56.94,6018671
56.74,56.85,56.16,56.31,5169137
56.65,57.1,56.52,56.78,5500154
57.0,57.11,55.86,56.21,7881490
56.41,56.73,56.33,56.63,4675601
56.34,56.5,55.99,56.47,6392319
56.59,56.94,56.5,56.8,6705892
56.89,57.14,56.15,56.69,6728134
57.04,57.46,56.96,57.46,6575427
57.64,57.75,57.0,57.25,8103575
57.28,57.72,57.18,57.59,6414173
56.89,57.73,56.37,57.7,7043332
57.8,58.82,57.76,58.82,9796252
58.72,59.24,58.52,59.14,8865920
59.37,60.14,59.34,60.11,8438696
60.11,60.67,60.02,60.55,9244726
60.29,60.73,60.27,60.55,8533953
60.26,60.67,58.84,58.88,12028187
59.26,60.75,59.08,60.75,10309479
60.35,60.68,60.02,60.68,11531693
60.64,60.67,59.88,59.99,9203277
60.25,61.56,60.25,61.56,9488269
61.59,62.1,61.15,62.01,6308988
62.4,62.62,61.54,62.59,6262521
62.71,62.9,61.59,61.94,7336000
62.01,62.17,61.55,62.0,6683979
62.06,62.28,61.55,61.87,7038566
62.82,63.25,62.59,63.0,7206861
62.93,63.08,62.44,62.84,8529701
62.88,63.5,62.8,63.21,7468920
63.4,63.93,63.11,63.88,5249998
64.18,64.85,63.88,64.8,9198928
65.09,65.59,64.51,65.06,10246028
65.44,66.09,64.77,66.07,14539080
66.0,66.0,64.56,65.99,17807592
65.73,67.11,65.51,66.67,11325852
66.69,67.43,66.34,67.2,8654558
66.96,67.52,66.92,67.32,5195987
67.43,67.49,66.98,67.47,9679388
67.42,67.79,67.18,67.67,7925870
67.62,67.89,66.2,66.47,8473512
66.16,66.58,65.68,66.58,9161551
66.58,66.6,66.05,66.12,5893353
66.35,66.4,65.71,65.83,7359158
65.76,66.71,65.26,65.57,8144583
64.87,65.44,64.24,65.23,7536165
64.75,65.53,64.39,65.49,8846052
65.98,66.76,65.92,66.69,8280722
66.37,66.48,65.74,66.26,6954904
66.44,67.11,64.32,64.65,13053843
64.57,65.03,63.07,63.08,11282471
63.06,63.82,62.53,63.8,8707152
63.93,64.93,63.86,64.35,8147984
64.05,64.12,62.8,63.12,8893749
63.1,63.32,62.04,63.14,8666519
63.63,64.87,63.25,64.85,7611854
64.91,64.97,63.7,63.83,6730793
63.32,64.3,62.97,63.8,6450456
64.32,64.45,62.86,62.99,7663941
62.99,64.4,62.52,64.3,5584875
64.01,64.43,63.63,63.8,5302694
64.3,65.12,64.25,64.49,6755260
64.61,65.49,64.56,65.29,5235087
65.19,65.55,64.33,64.33,6871351
63.22,63.52,61.82,61.98,12263747
62.62,63.08,61.82,62.73,11892666
62.25,62.99,61.82,62.44,6494408
62.88,63.1,62.5,62.57,6778829
62.95,63.46,62.75,63.21,5722061
63.65,63.96,63.45,63.72,4877613
63.76,64.52,63.15,63.15,10567110
63.84,64.92,63.63,63.93,8221914
63.83,64.14,63.08,63.26,7692311
62.85,63.83,62.57,63.61,3352066
63.88,63.95,63.11,63.82,5647739
64.28,64.79,64.16,64.71,6679630
65.32,65.54,64.65,64.94,4556632
64.86,65.3,64.57,64.91,5753472
65.65,66.83,65.65,66.58,8330672
66.39,67.0,65.93,66.98,5892377
67.02,67.36,65.89,65.93,6458309
65.95,66.1,64.93,65.03,7471478
65.42,65.46,64.76,65.36,6846861
65.7,66.37,65.66,65.82,4963392
65.89,66.03,64.91,65.16,7221972
65.15,65.33,64.26,64.4,5975090
64.6,64.77,64.33,64.45,4534425
64.59,65.12,64.53,64.64,5327806
64.32,64.74,64.26,64.55,5408121
64.47,65.07,64.11,64.98,4950018
64.8,65.03,64.47,64.61,3806081
64.7,64.87,64.1,64.18,6210586
64.43,65.12,64.38,64.65,7155261
65.16,65.87,65.12,65.36,6338790
65.56,66.59,65.33,66.51,6098477
66.5,66.54,65.61,66.02,7267445
66.09,67.16,65.97,67.05,11547524
64.93,66.3,64.12,65.91,16971765
66.34,66.46,65.2,65.75,8827319
65.47,65.75,64.6,64.73,7947421
64.26,64.43,63.67,63.93,8007447
64.26,64.26,63.4,63.98,6025418
63.95,64.17,63.47,63.96,6414647
63.28,63.32,62.2,62.38,9017763
61.97,62.5,61.71,62.17,8238836
62.15,62.18,61.83,61.83,5659879
61.79,62.39,61.79,61.88,5192537
61.62,61.88,61.09,61.14,7187543
61.32,61.82,61.16,61.64,5302399
61.96,61.99,61.46,61.73,5510670
61.76,62.11,61.33,61.35,4506841
60.9,61.35,60.57,60.69,7734453
60.44,61.15,60.41,60.81,7163283
60.77,61.52,60.55,61.08,5396200
61.14,61.27,60.55,60.83,5404116
61.42,61.99,60.6,60.93,7016624
60.92,61.22,60.52,61.11,14017236
61.07,61.6,60.96,61.3,6356567
61.47,61.83,60.63,61.39,7319446
61.6,61.84,61.27,61.59,7226722
62.09,62.97,61.93,62.83,9919908
63.12,63.94,62.98,63.94,9436472
63.8,66.35,63.41,65.49,22429102
65.87,67.03,65.5,66.69,12720204
67.32,67.65,66.88,66.94,9734183
66.83,67.2,66.72,66.98,6454258
66.67,67.37,66.21,67.11,9866337
66.39,66.5,65.4,65.72,11864910
65.61,65.84,64.91,65.01,29099368
65.04,65.48,64.68,64.75,8291571
64.94,65.16,64.28,64.32,8272772
64.42,64.93,64.2,64.45,7281578
64.36,65.29,64.25,65.24,6971153
64.97,65.44,64.69,65.19,5586222
64.73,64.95,64.39,64.49,7463488
64.37,65.24,64.36,64.83,4885105
64.45,65.34,64.4,64.88,7228755
64.72,64.93,63.83,64.02,7264104
64.02,65.43,63.97,65.3,6546149
64.81,65.31,64.57,64.59,5841227
64.52,64.77,63.97,64.0,8644727
64.02,64.18,63.1,63.59,8746913
64.48,65.67,64.29,65.58,7677013
65.66,66.59,65.5,66.21,6735009
65.88,66.98,65.78,66.83,6461548
66.73,66.94,65.93,66.44,5943656
66.64,66.86,66.13,66.35,7730854
66.19,66.59,65.98,66.42,6952307
66.5,67.27,65.99,67.15,7587147
67.27,67.63,67.16,67.61,4846265
67.94,69.13,67.75,69.0,7860745
68.81,69.2,68.02,68.12,5872647
68.18,69.19,68.02,69.05,6045412
69.32,69.87,68.97,69.26,6615366
69.35,69.48,68.92,69.0,4469216
69.12,69.39,68.78,68.92,4450203
69.22,69.3,67.93,68.47,5825296
68.47,69.3,68.35,68.59,5706091
68.71,69.18,68.5,69.01,5009002
69.41,69.55,68.41,68.81,4790193
68.77,69.06,68.06,68.85,5149348
69.18,69.62,68.62,69.0,6509970
69.34,69.34,67.09,67.15,10496293
66.87,69.41,66.72,68.58,16183573
68.48,68.74,68.19,68.34,4954559
68.33,68.45,67.42,67.77,6586688
67.43,68.99,67.3,68.97,5691005
69.14,70.15,69.0,70.02,7253655
69.77,70.17,69.55,70.0,6185387
70.06,70.09,69.33,69.5,4910795
69.49,69.72,69.04,69.12,4801712
69.12,69.92,69.08,69.23,4729280
69.46,70.0,69.27,69.94,4505225
69.95,70.33,69.8,70.2,4667718
70.54,70.58,69.6,69.74,5830793
69.92,71.69,69.9,71.18,8850128
71.21,71.25,70.46,70.77,5446131
71.04,71.27,70.39,70.54,4800980
70.79,71.31,70.76,70.91,6775388
70.22,70.41,69.38,69.9,8304746
69.42,70.48,69.32,69.97,4884539
70.29,70.68,70.08,70.23,5587900
70.97,71.49,70.77,71.46,5542037
71.36,71.48,70.92,71.11,6477173
70.95,71.64,70.9,71.57,7112234
71.74,72.13,70.43,70.52,9519199
69.42,70.02,68.8,69.63,8756318
69.9,70.13,69.28,69.62,5785005
69.93,70.85,69.91,70.51,6252115
70.7,70.9,69.84,70.66,6831011
70.96,72.2,70.14,72.2,7971365
72.16,73.08,72.1,72.97,6768257
73.09,73.56,72.34,72.4,12989668
72.89,73.34,72.66,73.28,5628707
73.25,73.86,73.25,73.85,2883582
73.95,74.69,73.91,74.62,4620099
74.65,74.78,73.93,74.35,3844758
74.99,76.54,74.89,76.23,8579170
76.28,76.5,75.81,76.4,4692382
76.04,76.5,75.9,76.27,5212460
76.3,76.7,76.01,76.11,4061042
76.53,76.84,75.49,75.82,6816693
76.12,76.7,75.9,76.34,4511157
76.13,76.28,74.81,75.22,10914858
75.46,75.46,74.32,74.9,8077726
75.08,75.51,74.56,75.39,6255271
74.9,75.13,73.04,73.27,8248787
73.71,74.58,73.29,74.45,6010335
74.3,75.1,74.25,74.28,7299883
74.39,74.4,73.72,74.21,5608249
74.43,74.63,73.68,73.98,6688299
73.99,74.88,73.3,74.2,7548136
74.08,75.43,74.05,75.31,6800281
74.53,74.95,74.15,74.79,6281005
74.1,74.23,72.72,72.72,7338729
72.47,72.91,71.72,72.25,7416257
72.26,73.0,72.24,72.88,5509623
71.97,72.24,71.12,71.33,8609208
72.09,73.62,72.0,73.22,7550625
72.2,73.32,71.8,72.61,7750354
72.66,72.73,69.85,69.99,11966489
70.94,71.25,69.88,71.05,11829723
72.05,72.05,70.37,71.76,11631868
75.61,76.73,74.78,75.56,19822855
75.08,75.7,74.61,75.67,11526738
75.67,77.3,75.57,77.06,8785647
77.15,77.92,77.11,77.79,8186408
77.66,78.01,77.64,77.91,6329539
77.52,78.24,77.2,77.9,5955510
77.88,79.47,77.77,79.23,7002635
79.5,80.0,79.43,79.58,6140692
79.5,79.78,78.8,78.87,7024022
79.21,79.65,78.84,79.19,5748753
79.07,80.45,78.8,80.13,8253018
80.5,81.59,80.46,80.73,6635969
80.72,81.35,80.04,80.21,6065203
80.63,80.95,79.59,80.08,5776068
80.0,80.59,79.86,80.48,4919943
80.84,81.59,80.17,80.81,7031874
80.3,80.65,78.84,79.46,8451328
80.6,82.17,80.54,81.71,8021840
82.22,83.21,82.02,82.68,7710268
82.86,83.42,82.84,83.34,5774783
83.6,83.65,82.02,82.21,7478961
82.18,82.42,81.7,81.97,5211542
82.19,82.33,80.72,81.05,7174290
80.59,81.39,80.05,81.38,6378361
81.75,81.98,79.66,79.93,8570629
79.85,80.41,79.57,80.07,7754672
80.5,81.6,80.31,81.39,7282393
81.53,82.25,81.28,81.99,5395913
82.25,82.3,80.04,80.52,6403205
80.59,81.02,79.76,80.81,5968527
81.96,82.05,80.05,80.35,7841172
80.71,80.93,79.38,79.49,7643653
80.24,80.34,78.6,79.55,6693822
79.93,80.24,78.61,78.62,6752012
78.3,78.62,77.28,78.48,9194723
78.73,79.46,78.31,78.99,5281656
79.7,80.39,79.66,80.07,6848852
80.39,81.61,80.39,81.57,6555910
81.72,81.97,81.3,81.67,6073524
81.92,82.24,81.14,81.69,4930098
82.32,82.85,80.4,80.43,8894844
80.42,80.8,78.56,79.13,9001326
79.27,79.65,78.12,79.57,7085161
79.97,80.53,79.26,80.47,7005696
80.92,80.92,77.48,77.51,10160154
77.51,77.95,76.81,77.01,9206216
77.7,77.83,76.85,77.62,5964923
77.89,78.21,76.31,77.66,6404957
78.38,78.98,78.19,78.95,5960869
78.7,80.22,78.6,79.99,7627952
79.96,79.98,78.69,79.11,7080747
79.22,79.89,79.21,79.45,5876138
79.53,79.95,78.97,79.52,4149634
79.74,80.06,79.11,79.59,4635013
79.46,79.46,78.16,78.23,6193863
78.76,79.06,76.88,77.78,7522690
78.35,78.68,77.74,78.64,4608880
78.5,79.53,78.18,79.34,6550228
79.35,79.87,79.26,79.56,6486920
79.62,80.55,79.62,80.31,7599763
80.42,81.31,79.8,81.22,5672735
81.59,81.63,80.8,81.03,10696487
81.65,82.44,80.12,80.29,11907798
80.21,82.27,80.07,81.6,9258242
81.27,82.02,80.9,81.95,5376634
82.08,82.94,82.08,82.42,5704379
82.43,82.75,81.75,82.08,5274805
81.77,82.18,80.63,80.92,6192041
80.64,80.83,79.21,80.15,7688663
80.17,80.42,79.34,80.39,5823957
80.43,81.38,80.14,81.05,4897949
80.94,81.76,80.52,81.09,6023361
81.42,82.34,81.42,82.19,4736535
82.19,82.79,82.04,82.35,4651995
82.19,83.36,82.19,83.32,4580584
83.56,83.98,83.32,83.74,5197723
83.8,83.9,83.25,83.6,4652083
83.92,84.09,83.43,84.03,6522392
83.81,84.39,83.62,84.01,6351807
84.27,84.42,84.01,84.27,3933943
84.07,84.23,83.72,83.88,4541453
83.85,84.4,83.31,84.24,5800205
84.37,84.95,83.9,84.78,5955977
84.91,84.99,84.26,84.61,5302807
84.6,85.86,84.53,85.48,5672010
85.4,85.4,84.7,84.75,4632627
84.6,84.81,84.17,84.31,4300940
84.03,84.2,82.6,82.8,7237220
82.75,82.98,81.8,82.8,4711915
82.64,83.44,82.56,83.3,5181129
82.98,83.46,82.61,83.16,4536152
83.18,83.74,82.8,83.58,4536536
83.65,83.92,83.25,83.77,4327002
84.07,84.08,82.79,82.82,11073748
82.85,82.93,82.32,82.76,3947865
82.68,83.57,82.49,82.68,5057264
82.67,84.32,82.48,83.9,7899781
84.68,84.68,83.77,84.45,6424106
84.13,85.39,84.13,85.3,17932432
85.44,86.07,85.07,85.74,6997990
85.81,86.87,85.76,86.47,5608207
86.58,86.7,86.2,86.44,4439758
86.7,86.98,86.5,86.84,3210405
86.61,86.82,86.32,86.59,4897895
86.19,86.32,85.68,85.86,4733747
86.0,87.28,85.85,87.22,6317683
86.53,87.61,86.19,86.86,7249673
87.0,87.36,86.37,86.89,5016396
87.46,87.49,86.66,86.76,4017054
86.58,86.65,85.54,86.15,7006703
86.69,87.63,85.12,85.35,10679328
85.33,86.19,84.87,85.03,6886606
85.44,85.98,85.17,85.81,4719105
85.81,86.0,85.5,85.74,4800402
86.37,86.56,85.51,86.21,4984215
86.31,86.53,85.76,86.04,3650328
86.5,86.96,86.31,86.8,4174497
86.3,86.7,86.05,86.23,4666234
86.43,87.22,85.81,87.15,4547120
87.29,87.3,86.16,86.2,5479099
86.62,87.27,86.09,87.21,7299155
86.59,86.95,85.69,85.88,6343453
85.39,86.01,85.21,85.38,6759649
86.17,87.52,86.01,87.24,8262656
87.14,87.24,86.02,86.75,9361789
86.18,87.62,86.17,86.59,9793689
86.99,87.01,85.23,85.51,7916861
85.65,86.89,85.62,86.85,6382687
87.07,87.98,87.05,87.5,5052787
87.15,87.62,86.78,87.21,4510527
87.74,87.95,87.42,87.6,4533219
88.03,88.91,87.81,88.61,8218205
89.02,89.47,88.69,89.28,8211200
89.66,90.36,89.58,89.97,4977060
90.13,90.29,89.64,90.09,4153038
89.92,90.05,89.67,89.84,3894514
90.06,90.53,89.98,90.38,4719099
90.13,90.9,90.12,90.49,4762155
90.95,91.14,90.3,90.38,3515384
90.61,90.67,89.94,90.02,4117717
90.14,90.41,89.98,90.37,3739669
89.98,90.49,89.96,90.23,2678393
90.32,90.38,89.33,89.88,4179401
90.18,90.93,90.15,90.8,5601956
91.06,91.16,90.67,90.94,3684009
90.87,91.2,90.01,90.14,5458719
90.14,90.94,90.1,90.94,4597562
90.76,90.84,90.16,90.56,4331230
90.5,90.54,89.51,89.6,4797688
89.54,89.82,88.75,89.52,5078620
89.2,90.04,89.06,89.97,4102227
90.1,90.2,89.25,89.67,3888474
89.74,90.37,89.56,90.08,4909956
89.71,90.43,89.46,90.27,4333970
90.58,90.77,89.97,90.33,4058070
90.31,90.5,89.91,90.34,4343618
90.8,91.15,90.39,90.49,13382935
90.49,90.61,89.19,89.29,5003007
89.12,89.24,88.23,88.31,6155770
88.36,89.64,88.24,89.45,5616214
89.26,89.6,88.06,88.07,7081657
88.15,88.89,87.91,88.74,5796117
88.12,89.04,87.36,88.83,5190828
88.84,89.54,88.54,89.03,4832868
89.08,89.24,87.2,87.49,7512499
87.5,87.66,84.65,86.79,11051144
88.1,88.9,87.55,88.45,7552890
88.79,89.18,88.07,88.56,4051853
88.0,88.26,87.04,87.11,6225508
87.06,88.15,86.33,88.11,7007965
88.03,88.16,85.57,85.71,8727122
85.92,87.0,85.4,86.27,12675546
85.92,86.39,83.76,83.91,9039814
84.75,85.52,83.9,84.14,8607117
82.39,83.76,78.54,82.08,21844427
79.93,82.47,79.55,81.74,13216697
82.68,84.66,82.68,83.83,12386547
84.23,85.61,84.14,85.52,8306147
86.32,87.68,86.25,87.54,9170356
87.94,88.61,86.98,87.1,9314515
88.21,88.63,87.76,87.99,7245328
87.91,88.66,87.58,88.61,4937482
88.47,88.99,88.24,88.45,5644486
89.04,89.96,88.95,89.93,4554351
89.84,90.25,88.95,89.53,5442103
89.44,90.54,88.91,90.22,4445329
91.51,91.98,90.75,91.38,7472216
91.24,91.82,91.0,91.71,5447877
91.97,91.98,89.8,90.35,7928517
91.6,91.6,89.59,91.0,7020959
91.29,92.0,91.15,92.0,9938826
89.39,90.02,88.65,90.0,16176328
90.24,90.42,88.95,89.78,8155734
90.01,90.03,89.13,89.98,5896789
89.77,90.12,89.33,89.9,5262460
90.1,90.71,90.03,90.49,5098761
90.68,90.85,90.38,90.8,4281140
90.5,90.78,90.05,90.41,4148400
90.33,90.69,90.13,90.28,4466404
90.26,90.28,89.18,89.82,7709962
89.25,89.46,88.75,88.9,8603976
89.69,89.8,88.76,88.96,7383521
89.32,90.66,89.32,90.58,6504104
90.71,91.92,90.71,91.65,7404151
91.96,92.28,91.67,91.92,4607258
92.53,92.96,92.23,92.51,3852961
92.63,93.14,92.1,92.7,6714729
92.65,93.81,92.42,93.47,6664201
93.54,93.66,92.5,93.11,5492376
93.61,93.63,92.56,93.23,6049063
93.69,93.98,93.34,93.76,5226807
94.21,94.5,93.41,93.8,6682153
93.51,93.57,91.76,92.94,9522100
92.52,92.83,91.55,91.63,10346075
91.09,92.66,90.66,91.75,8227812
91.18,92.61,90.95,91.49,7890850
92.03,92.69,90.19,90.9,6746824
90.5,92.0,90.13,90.17,6549387
90.36,91.68,90.2,91.38,6890832
92.19,92.61,91.86,92.61,9387548
92.34,93.2,91.88,92.89,12837921
93.39,94.36,93.22,94.2,7477481
94.48,95.07,94.4,94.69,5385780
94.69,95.12,94.37,94.42,2166034
94.74,95.31,94.52,95.03,3142431
94.74,95.93,94.69,95.5,3584362
95.21,95.5,94.5,94.7,3490053
95.13,95.52,94.03,94.19,4797034
94.91,95.28,92.85,93.75,5865420
93.28,93.35,91.78,92.38,7789422
92.57,93.19,91.16,91.89,6802381
92.72,93.15,92.1,92.83,6589494
93.87,94.3,93.56,93.79,7579358
94.05,95.27,93.99,94.25,8621330
94.69,94.76,93.77,94.46,6586223
95.28,96.43,94.7,95.19,9364297
94.0,94.8,93.29,94.23,6509293
94.61,94.96,94.04,94.35,5662230
94.0,95.23,93.98,95.18,6117011
95.22,95.39,93.75,94.74,7947593
94.37,94.74,93.82,94.17,7474730
94.58,95.39,94.01,95.15,7014169
94.92,95.53,94.43,94.72,4664712
94.45,95.0,93.93,94.97,5446906
93.94,94.74,93.36,93.97,5390006
94.14,94.47,92.61,92.67,6198396
93.11,93.5,91.52,93.22,7681669
92.5,92.94,90.83,90.96,10212270
91.3,92.05,90.06,91.93,9392029
92.43,94.11,92.19,94.1,12329105
99.39,101.94,98.82,101.28,32640456
100.76,102.84,100.51,102.64,14089453
102.67,102.99,101.65,102.02,8535248
101.8,102.5,101.45,101.73,5461981
101.96,102.19,101.18,101.92,5726347
102.01,102.02,101.07,101.87,5868228
102.16,103.85,101.7,103.58,6816814
103.73,104.4,103.43,104.17,5175636
104.23,104.45,103.57,104.12,4759334
103.4,104.33,103.4,103.86,3760192
104.0,104.08,103.55,103.89,5094137
103.86,104.69,102.73,104.55,5196956
104.76,105.23,104.44,104.99,5587069
104.54,105.05,104.35,104.67,4099805
104.68,105.98,104.67,105.57,6547243
105.5,105.71,104.14,104.56,5048999
104.67,105.14,103.96,104.08,4161605
104.35,105.98,104.35,105.89,5635530
105.78,106.64,105.21,106.35,4671949
105.86,106.0,104.78,105.57,4972937
105.54,105.81,104.87,105.03,3954726
104.67,105.0,103.49,103.82,5704232
103.94,105.42,103.82,105.26,4868861
104.27,104.35,103.09,103.09,6472601
103.51,104.0,102.86,102.89,4831861
103.85,107.33,103.81,107.17,10730363
107.28,107.28,105.52,106.44,8024216
106.84,107.73,106.05,107.37,6407258
107.0,107.21,106.15,106.96,4490192
106.9,108.42,105.73,107.97,5520550
107.84,108.48,107.14,107.37,4885562
107.83,108.94,107.5,108.43,8710075
108.6,108.85,108.04,108.22,5667034
107.72,108.05,107.08,107.11,4493538
107.45,107.46,105.0,105.0,6964726
104.47,105.82,104.1,105.24,5915844
105.2,106.45,104.88,105.48,5330425
106.06,106.94,106.05,106.12,3831883
105.6,106.32,104.89,104.89,5701609
105.43,106.0,104.25,105.44,6117195
105.49,106.24,104.86,106.0,3651641
105.31,106.57,105.04,105.63,4154218
105.8,106.41,105.4,105.43,4694555
105.23,106.69,105.16,106.36,4277383
106.51,107.0,105.88,106.77,3924416
106.73,107.1,106.41,106.95,3251487
107.07,107.9,106.47,106.51,4201467
106.41,107.3,106.11,106.66,5389283
106.92,107.43,106.86,106.98,4307798
107.15,108.3,106.9,108.1,6379102
107.8,107.8,106.04,106.69,9663490
107.83,108.5,107.32,108.22,8094174
108.93,108.99,107.58,107.68,4579838
108.02,108.25,106.97,107.94,4060485
107.96,109.9,107.61,109.0,5983755
109.53,110.48,109.19,109.53,6355616
111.5,111.66,110.07,110.16,8479080
110.75,111.15,108.89,109.92,7324498
109.66,110.38,109.26,109.81,6024741
109.68,110.19,107.68,108.72,7770301
109.95,110.67,109.27,110.52,6205116
111.48,111.53,110.5,111.03,7566209
113.27,113.3,110.56,110.81,14619307
111.56,111.96,109.22,109.72,8975283
109.6,109.78,108.72,109.26,8291198
110.26,110.7,109.57,110.11,6260611
110.14,110.14,108.49,108.6,6728542
108.28,109.66,107.67,109.24,6345037
109.7,109.87,108.78,109.19,4141357
109.69,110.0,109.01,109.93,4662043
110.1,110.69,109.68,110.3,5852173
110.47,110.74,110.01,110.33,4868918
110.69,110.99,110.47,110.56,4549640
110.78,110.81,110.02,110.2,4393474
110.04,110.64,109.9,110.39,4880577
110.3,110.9,110.12,110.26,4267697
110.17,110.85,108.76,109.44,5970756
109.51,110.61,109.3,110.37,3984196
110.11,110.54,109.6,110.53,3391980
110.33,110.52,109.41,110.37,5264878
111.48,111.77,110.55,110.96,6778890
110.92,111.25,110.02,110.75,4425947
111.28,111.82,110.5,111.17,4510344
110.95,111.25,109.99,110.3,5748198
110.3,110.77,109.8,110.3,4323537
110.03,110.24,109.21,109.29,6068142
109.35,109.41,107.65,108.52,7711756
108.9,110.25,108.73,110.0,5128742
110.01,110.96,110.01,110.62,5036279
110.33,110.53,109.54,109.95,4009859
109.27,110.41,108.93,110.18,5742208
110.35,111.29,109.9,111.06,3848346
111.2,111.94,110.88,111.49,4732297
111.83,113.55,111.58,113.22,6929896
112.83,113.48,112.4,112.62,9587721
113.4,114.47,113.27,113.53,5906156
113.93,114.52,113.72,114.41,6003070
114.3,114.56,113.71,113.77,5636168
114.62,115.28,114.39,114.45,6213483
114.97,115.18,114.41,114.99,9509570
114.16,115.19,113.0,113.05,7618224
113.93,114.86,113.55,114.14,6946744
114.95,115.25,114.34,115.13,5435397
115.38,115.67,114.45,114.97,5549504
114.47,115.86,114.27,115.7,5880490
116.42,117.19,114.86,117.1,8359934
116.5,116.68,115.11,115.19,8445169
116.83,117.21,115.51,115.6,7016849
117.05,117.43,115.67,116.44,7020711
117.75,118.31,117.25,118.05,7595237
118.03,118.14,117.7,117.85,5061659
118.04,118.9,117.85,118.3,4845200
119.0,119.15,118.54,119.07,6303045
118.69,118.9,118.03,118.86,5109909
119.29,119.9,118.89,119.58,6950952
119.76,119.8,118.83,119.31,4785194
119.28,119.7,118.93,119.33,4714082
119.3,119.67,118.57,118.8,3347184
119.35,119.8,118.58,118.91,4320854
118.63,118.8,117.78,118.25,5179267
118.68,118.9,117.87,118.46,6447319
118.85,119.86,118.41,119.84,6083479
119.71,120.35,119.01,120.03,4430097
120.12,120.72,119.6,120.0,5767280
120.88,121.73,120.17,121.12,8426894
121.5,122.08,120.61,121.69,12624387
110.83,113.95,109.5,110.53,61011209
110.4,110.4,104.24,108.55,57175170
108.75,109.56,107.66,109.35,15791550
110.0,111.0,109.74,111.0,11617048
110.34,110.49,107.95,108.0,13573984
107.0,107.44,105.51,106.99,17020546
107.21,108.51,106.75,107.52,9754466
107.61,107.67,106.52,107.16,7104463
107.3,109.28,106.84,109.05,7954040
108.04,108.25,106.8,106.94,12021536
106.58,107.75,105.77,106.45,9484448
104.34,105.0,99.76,100.02,34585476
97.5,100.63,96.61,98.84,30819748
93.38,100.0,90.0,95.36,29937482
99.73,100.09,95.72,95.89,18995798
98.69,99.49,96.26,99.23,13716696
101.35,102.62,99.78,102.17,17398890
102.19,103.34,101.81,102.48,10993542
102.3,102.46,100.91,101.88,8506695
99.31,101.34,99.16,99.51,14170166
100.92,101.94,99.55,101.89,12116840
102.2,103.03,101.46,101.99,8934628
100.96,101.82,100.36,100.97,9186110
102.95,104.15,102.52,104.01,8513280
104.75,104.95,101.68,101.91,9496560
101.85,103.22,101.33,102.6,9009786
102.35,104.5,102.2,104.48,9512130
104.65,104.9,102.99,103.82,6955743
103.25,103.8,101.83,103.43,9161782
103.32,104.07,102.75,103.96,6504616
104.2,105.95,103.75,104.2,7656434
103.2,104.21,102.39,102.84,13475340
103.68,103.83,102.46,103.41,7134986
102.18,102.75,101.48,102.49,8308140
102.44,102.63,101.38,101.57,5807207
101.0,101.33,99.24,100.62,10654979
101.51,101.8,99.58,100.3,7169858
99.9,100.39,98.3,98.49,8209139
98.51,100.06,97.77,99.42,9434095
100.78,102.43,100.5,102.2,9144752
102.97,103.47,101.08,102.67,7497143
101.21,103.01,99.88,103.0,9079312
103.7,104.2,102.61,103.85,7115800
104.19,104.51,103.21,103.77,5615784
104.49,104.59,102.66,103.39,6949532
103.2,104.89,102.7,104.61,7486472
105.09,106.05,104.67,105.56,7312564
105.91,106.7,105.62,106.35,5149028
105.74,107.39,105.31,106.59,8310319
106.5,106.85,105.23,105.73,5468163
106.5,108.0,106.26,107.89,6699237
108.27,108.5,107.46,108.24,5739695
108.25,109.97,107.94,109.47,7975423
109.55,110.53,109.41,109.84,9655995
110.67,111.56,110.01,110.09,8770087
110.67,113.35,110.39,113.25,9924461
114.21,114.21,111.85,113.09,7921750
113.07,113.58,112.12,113.52,5723571
113.29,114.27,113.24,113.77,5855034
113.97,114.46,112.86,114.34,6443616
114.34,115.4,114.2,115.04,6075573
115.0,115.24,113.67,113.74,8475593
114.49,115.31,114.01,115.04,6937687
114.97,116.4,114.54,115.54,7080754
116.64,116.83,110.81,113.25,20697835
113.26,113.93,111.6,113.0,13622350
114.6,116.75,114.57,115.67,16695729
115.9,116.73,115.18,116.42,9298464
116.17,117.51,115.51,117.42,8130179
117.55,117.58,116.43,116.52,6363766
115.6,116.99,115.0,116.21,7106904
115.92,116.42,114.38,114.84,7885431
113.47,116.08,113.34,115.92,5751991
116.11,117.55,115.51,116.13,6427700
116.22,118.28,116.05,118.14,6545023
118.15,119.16,117.64,118.71,6100132
119.11,120.25,118.9,120.07,9943115
120.3,120.65,119.0,119.42,6985099
117.9,118.57,117.28,117.95,8100965
118.29,119.34,118.15,118.67,4751518
116.0,116.5,113.7,115.13,14911395
115.56,115.58,113.31,113.47,16239010
114.15,115.46,113.66,115.39,8892542
115.39,115.47,113.83,114.0,7783301
114.17,114.65,111.44,111.89,10446637
112.74,114.3,112.53,114.24,8771297
114.56,114.56,112.65,113.83,6610165
113.35,113.45,112.4,112.48,7480562
112.39,113.06,110.58,111.47,9050676
111.15,111.58,110.17,110.76,7030152
109.91,109.95,107.62,108.04,12334945
108.68,109.87,108.28,109.35,9639492
112.05,113.34,111.58,112.16,13361688
114.69,114.75,111.8,113.79,12304503
114.13,114.48,111.98,112.01,9375035
112.01,112.44,107.35,107.72,28376912
108.8,110.1,105.33,106.59,22847155
106.99,107.2,105.83,106.74,8644464
107.21,107.24,104.3,105.56,12372933
105.2,106.64,105.06,105.86,4356193
106.5,108.2,106.33,107.25,9092705
107.88,108.04,106.45,107.08,8607249
106.89,107.21,106.25,106.34,4916975
106.14,106.31,105.06,105.08,6670101
103.12,103.43,101.73,102.98,12470536
102.67,102.67,99.89,100.9,16212908
99.38,101.46,99.36,100.36,13934454
98.96,101.35,98.52,99.5,14680220
100.63,100.92,99.0,99.25,10691594
100.21,100.45,98.55,99.92,9583209
100.97,101.85,100.34,101.46,8863921
101.88,101.88,98.12,98.48,11473032
98.65,99.91,97.19,99.11,11086312
95.62,96.88,93.46,93.9,22212626
95.0,95.07,93.03,93.97,13211368
92.18,93.64,90.42,92.54,16894553
92.87,94.86,92.56,94.02,12054406
95.95,97.42,95.55,96.9,12259269
96.42,96.68,95.12,95.29,7768858
95.49,96.43,95.09,96.27,6895218
96.31,96.63,93.87,94.32,6292395
95.2,95.2,92.37,93.53,7276624
94.21,95.82,93.63,95.82,8112503
95.08,95.71,94.7,95.15,6996044
94.0,94.17,92.87,93.12,7215710
94.1,95.41,92.42,95.14,10862339
94.87,96.73,94.6,95.43,8284239
95.32,95.39,93.47,93.9,8857209
92.56,92.96,89.51,92.12,13659468
90.15,93.2,89.04,92.32,16091333
88.0,90.03,86.25,88.85,32574769
87.0,91.06,86.96,90.31,17368241
91.52,91.59,89.61,91.15,10755898
92.47,93.31,91.79,92.91,8980322
93.67,96.44,93.56,95.5,12575106
96.34,96.45,94.45,95.17,8727628
95.23,95.72,94.56,95.01,6677953
96.23,97.0,95.86,96.37,6933000
96.5,96.82,95.15,95.38,6195462
94.65,95.75,93.23,95.43,6917485
95.92,95.95,94.35,95.65,4544901
95.71,96.22,95.28,95.31,5263492
95.31,96.29,95.23,95.52,6809953
95.9,97.66,95.53,97.65,7123980
97.67,97.83,96.41,97.0,6449638
97.79,98.84,96.89,98.82,8553853
99.0,99.21,97.9,98.48,6728528
98.57,99.71,98.48,99.39,7198348
98.93,98.98,97.6,97.82,6168749
98.0,98.24,96.81,97.66,7009199
97.94,98.42,95.87,97.04,5439975
97.57,98.35,97.54,97.94,5560559
97.94,99.22,97.84,98.81,6162533
98.02,98.33,97.39,98.24,5942388
98.16,99.08,97.47,98.44,6072856
98.28,99.91,98.28,99.6,6372990
99.98,100.15,98.96,99.2,10179260
98.92,99.12,97.7,98.46,7040442
97.59,98.32,97.44,97.58,6441693
97.72,97.84,96.75,96.83,5481579
96.55,97.49,96.3,97.22,5564402
97.5,98.46,97.45,98.09,5308748
98.0,98.37,97.36,98.16,5142710
98.9,99.09,98.34,98.91,5649754
99.01,100.37,99.01,99.31,7018274
98.8,99.34,98.58,99.07,5875887
99.3,99.44,98.58,98.68,5081530
96.85,97.61,96.15,97.0,10794770
96.96,97.63,96.83,97.48,6936043
97.11,97.42,95.92,96.16,7506957
96.63,96.84,95.8,96.42,6970645
96.93,97.64,96.2,96.27,5889281
96.28,97.53,96.07,97.35,6241432
98.03,99.81,97.96,99.48,7936124
99.79,99.87,98.26,98.63,6649970
98.5,98.89,98.18,98.59,6119259
99.6,101.95,99.5,101.48,10652510
102.0,103.64,101.92,102.64,10501279
103.02,103.48,101.96,103.27,7691731
103.36,104.12,102.65,102.91,6812842
103.06,103.99,102.93,103.77,5706485
103.5,104.62,103.35,104.57,6078747
104.58,105.57,104.18,104.89,6436721
105.19,105.6,104.76,105.28,5993223
104.54,105.49,103.8,104.03,5643056
103.95,104.21,102.4,103.26,6975746
103.3,104.57,102.8,104.36,5272033
103.88,103.99,103.19,103.78,6227081
103.31,104.48,103.2,103.67,6437875
103.98,105.12,103.45,104.93,6451333
104.51,105.74,104.39,105.54,7388921
106.01,106.68,104.97,105.34,8091670
105.53,106.75,105.45,106.6,12272833
101.46,102.5,100.62,102.29,27011855
102.5,102.85,101.12,101.71,11228759
101.71,102.04,100.36,100.52,9470074
100.41,100.67,99.37,100.36,9106315
100.79,101.29,99.55,99.94,8521448
99.59,99.77,98.36,99.0,9303115
98.58,98.61,97.51,98.41,7052999
99.0,99.93,98.77,99.78,7290174
99.6,100.33,99.12,99.18,5569056
99.45,100.04,99.38,99.51,5246484
99.92,100.8,99.81,99.86,5665781
99.89,100.49,99.57,99.81,3845868
99.81,100.53,99.81,100.29,4577408
99.85,99.89,98.57,99.22,10396157
98.67,98.99,97.73,98.52,7243851
98.07,98.72,97.87,98.72,4830090
98.66,98.92,97.73,98.75,6857453
98.96,99.12,98.46,98.78,4986555
99.0,99.04,98.32,98.35,5608418
98.49,98.82,97.7,98.04,5466157
97.82,97.93,97.1,97.84,5379363
97.15,97.71,96.78,97.34,7204388
96.75,98.98,96.7,97.57,8766346
97.2,98.55,97.18,98.4,6125748
98.19,99.0,98.19,98.27,6663175
97.8,98.63,96.86,98.38,7129696
98.41,99.14,98.27,99.0,8959401
100.08,100.96,99.5,99.57,8268636
99.73,99.79,98.77,98.82,5202527
99.08,99.62,98.7,98.79,4948868
99.44,99.62,98.61,99.02,5826073
96.01,97.28,95.14,95.72,15079933
94.91,95.23,94.0,94.38,9485245
95.46,96.28,95.14,96.05,7143103
96.91,97.29,96.28,96.98,6563579
97.1,98.07,96.88,97.82,7189489
97.75,98.64,97.71,98.03,5681627
97.77,98.0,97.16,97.66,5846412
97.0,98.52,96.76,98.45,6223292
97.63,98.48,97.58,98.41,5146032
99.25,99.85,98.77,99.62,6045805
99.8,100.35,99.4,99.98,5428018
100.18,100.79,100.0,100.2,8508457
100.46,100.8,99.85,99.88,5494690
100.42,100.8,99.68,99.97,7461465
100.42,100.54,99.54,99.8,5764374
99.9,100.71,99.87,100.15,5051251
99.81,99.99,99.36,99.47,5742736
98.65,98.69,97.14,98.22,10664885
98.17,99.12,97.62,98.01,7069554
98.39,98.42,97.47,97.71,5381662
97.9,98.06,97.25,97.39,4825498
97.02,97.16,96.34,96.69,6274830
96.7,96.93,95.86,96.33,6911392
96.4,96.49,95.82,95.91,7713512
95.85,96.38,95.85,95.95,8263966
96.15,96.2,95.08,95.54,7131587
95.35,95.75,94.56,95.01,7644091
95.06,96.42,95.0,96.09,9068697
95.53,95.98,94.71,95.16,10038331
95.4,96.0,95.35,95.83,6528537
96.11,96.29,95.58,95.75,7792013
95.61,96.85,95.3,96.67,15548695
96.7,99.27,95.85,97.86,27181275
98.2,98.39,97.15,97.77,9233890
97.82,97.82,96.66,96.84,9360332
97.35,97.61,96.92,97.1,5299588
96.86,97.25,96.27,96.88,5777756
96.84,96.97,96.52,96.87,5697252
96.87,97.12,96.55,96.65,5250741
96.4,96.79,96.05,96.39,6362404
96.47,96.47,95.65,95.87,5495336
96.13,96.42,95.8,95.97,4996251
96.01,96.22,95.51,95.82,5912529
95.62,95.82,95.41,95.55,4518655
95.66,96.13,94.75,95.21,6019553
95.07,95.32,94.46,94.87,7902989
94.77,95.29,94.77,94.86,6845046
94.69,94.9,94.16,94.46,7375228
94.73,94.87,93.91,94.26,6274204
94.75,94.96,94.13,94.42,5382016
94.53,94.53,93.35,93.8,8463523
93.98,94.03,93.33,93.71,6281494
93.49,94.21,92.92,94.09,7438081
93.51,93.74,92.39,92.42,10248373
91.96,93.86,91.95,93.64,9367303
93.04,93.3,92.45,92.7,7795172
92.59,92.89,92.07,92.26,6386478
92.12,92.75,91.19,92.5,7568163
92.27,92.74,91.8,92.56,10568647
92.8,93.32,92.34,92.63,5421473
92.7,93.3,92.68,92.95,6200107
93.0,93.08,91.7,92.39,12049468
92.73,93.71,92.64,93.41,6470732
93.07,93.52,93.0,93.27,4407725
92.47,92.68,91.4,91.96,10449325
91.93,92.18,91.5,91.72,9167391
91.75,92.3,91.48,92.2,8272345
92.14,93.1,91.53,91.8,7476594
92.28,93.49,92.21,92.86,8923683
92.47,92.72,92.05,92.49,5834717
92.45,92.99,92.11,92.59,5903392
92.94,93.28,92.38,92.45,5365007
92.75,93.58,92.39,92.83,7484807
93.06,93.29,92.02,92.49,6144089
92.7,93.21,92.4,92.49,4241028
92.33,92.38,91.57,91.86,6651134
91.88,92.08,91.39,91.41,6836644
90.95,91.36,90.32,91.12,5725154
91.77,91.77,91.29,91.3,4345659
91.35,91.47,90.56,90.83,5134605
91.4,91.74,90.98,91.17,4890775
91.27,92.14,91.0,91.93,6140496
91.66,92.32,91.44,92.03,6153205
91.33,94.19,90.6,93.03,13814538
93.49,94.15,92.8,93.37,7280985
93.14,93.36,92.64,92.75,6380747
92.39,93.72,91.9,93.49,7152845
93.8,94.34,93.31,94.02,6646969
93.89,94.4,93.53,93.85,7309117
93.72,93.82,92.31,92.69,9957559
92.78,92.99,91.66,92.39,6449806
91.91,92.56,91.69,91.91,6716247
92.26,94.13,92.24,93.37,7751400
93.5,93.79,92.36,92.45,7456486
93.77,94.48,92.95,94.43,6996093
94.53,94.85,93.9,94.38,6226852
92.29,94.92,92.11,94.64,8635729
94.89,96.06,94.23,94.96,13777923
97.18,98.32,95.78,97.68,23008062
97.56,98.31,97.45,97.92,13208417
97.9,98.14,97.42,97.7,7184595
98.33,99.17,98.1,99.12,9702404
99.05,99.5,98.26,99.37,8651917
99.05,99.37,98.14,98.24,8586121
98.11,98.27,97.0,97.63,10771076
97.5,97.93,97.27,97.71,5323683
97.67,98.28,97.59,98.26,6166487
98.71,99.07,98.5,98.82,4396763
98.52,99.2,98.32,98.97,7106669
99.23,99.68,98.97,99.67,8396803
99.4,100.29,99.0,99.12,11369177
99.13,99.75,98.62,98.94,9958086
98.79,99.08,98.25,98.5,7737193
98.98,100.27,98.68,99.96,11331542
99.95,100.72,99.82,100.66,8427531
100.51,102.07,100.44,101.99,12255742
101.47,103.96,101.47,103.38,16524763
103.49,105.52,103.18,104.86,12173909
104.61,104.7,103.73,104.06,7880201
104.2,104.31,103.71,103.85,7393171
103.62,104.41,103.5,104.05,7961888
103.85,105.64,103.82,104.39,8745434
104.71,104.72,103.75,103.91,12635516
105.7,106.26,105.06,105.3,11475633
105.64,106.2,105.06,105.46,8947285
104.61,105.91,104.51,105.56,5202436
104.96,105.49,104.7,105.42,5230849
105.24,105.34,104.75,105.15,3238753
104.85,105.56,104.78,105.17,3639546
104.99,105.32,104.06,104.3,5178645
104.23,104.77,103.87,104.56,5896763
104.57,105.0,103.96,104.22,6983340
105.3,106.9,105.2,106.08,8884273
106.64,107.5,106.25,107.44,8321991
107.17,107.62,106.79,107.38,6302974
108.02,109.35,107.75,108.98,9551309
108.58,108.83,108.11,108.36,6195195
107.9,108.82,107.35,108.38,7901886
108.54,109.49,108.38,109.44,7616804
108.12,109.0,107.43,107.53,8218893
107.16,108.35,106.9,108.06,6488966
107.91,108.93,107.65,107.97,7586483
106.93,108.4,106.81,108.16,7162904
107.92,108.01,107.08,107.28,5350191
107.35,107.82,107.18,107.66,5648970
107.34,107.68,106.57,107.12,5716598
107.2,108.06,107.08,107.9,5456146
108.23,108.42,108.0,108.04,6180212
108.21,108.62,107.98,108.06,6088083
108.49,109.4,108.15,109.3,5578292
109.86,111.05,108.96,110.94,13793564
110.59,110.8,109.98,110.65,8485838
110.71,111.99,110.68,111.3,10501334
111.21,111.54,110.55,110.61,6515922
110.9,111.15,110.21,110.3,7923398
109.92,110.15,109.3,109.57,6896292
109.65,109.73,108.77,109.0,10184848
109.56,111.42,108.98,109.0,13615543
109.07,109.85,109.0,109.49,6369737
109.35,109.8,108.58,109.26,7671800
108.95,109.9,108.9,109.65,5654040
109.8,110.33,109.53,110.33,4768695
109.91,110.68,109.8,110.18,7087135
110.34,110.87,110.09,110.71,7179625
110.24,110.5,109.52,110.06,6349161
109.94,110.21,109.8,110.01,5432730
109.69,110.28,109.53,110.12,5478398
110.3,110.49,109.59,109.73,5470661
109.62,110.32,109.1,110.32,4786814
109.93,110.47,109.83,110.23,3547735
110.0,110.4,109.83,110.09,4766038
110.66,111.8,110.66,111.04,7418101
111.0,111.2,110.45,110.59,4715626
110.34,111.5,110.04,111.24,5843886
110.77,110.98,110.09,110.67,4983166
110.7,110.93,110.16,110.86,5114421
110.87,111.32,110.66,110.84,4929881
110.9,111.32,110.69,111.03,4005660
111.4,111.5,110.69,110.92,4027448
110.92,111.68,110.82,111.52,5213562
111.73,112.89,111.72,112.31,7273535
112.43,112.45,111.15,111.87,5319516
112.18,112.32,111.4,111.71,4409419
111.87,112.09,111.18,111.76,9061194
112.07,113.16,112.05,112.71,8156325
112.97,113.1,111.54,111.75,7109766
111.85,112.18,111.35,112.08,5044710
111.71,112.98,111.66,112.24,8307922
112.4,112.58,111.68,112.14,4707297
111.81,112.55,111.45,112.38,4469820
112.6,113.24,112.02,113.05,6280929
112.66,112.94,112.31,112.53,3781206
112.53,113.3,112.28,113.18,4192753
113.0,113.71,112.95,113.39,4617427
113.18,113.65,112.43,113.2,4643439
113.15,113.55,112.83,113.04,3386142
113.58,113.84,112.79,113.0,4795081
112.85,113.42,112.39,113.05,4744006
112.82,113.28,112.53,112.58,4300740
112.8,112.89,112.04,112.43,4053564
113.68,113.83,112.59,113.07,5230837
113.03,113.28,112.76,113.04,4086275
113.04,114.25,112.99,113.2,6530791
113.33,113.94,113.22,113.78,5120176
113.48,114.75,113.0,114.19,6191132
114.56,115.0,113.54,113.73,5303424
114.17,115.05,113.87,114.79,5279267
114.38,115.12,114.27,114.44,6654516
115.26,115.38,113.66,113.7,7294620
113.73,115.52,113.68,115.18,6918330
115.4,115.96,114.86,115.58,4809837
115.8,116.1,115.39,115.84,3910767
115.87,115.9,115.24,115.6,3987631
115.59,115.61,114.72,114.73,4963309
114.87,114.99,113.68,114.37,6604605
114.03,114.09,111.18,111.62,11521209
110.58,111.3,109.06,111.17,10691197
111.49,112.15,110.92,111.99,5871354
112.39,112.39,111.0,111.42,5980139
111.55,112.15,110.35,112.07,9337351
109.0,109.66,108.13,109.66,17061077
109.74,110.0,108.5,109.58,8021280
109.8,109.89,109.27,109.69,5067654
109.73,110.08,109.12,109.13,6241310
109.12,109.23,107.82,107.98,10047055
106.0,106.63,105.23,106.31,12763221
105.98,107.31,105.98,106.68,6532185
106.76,107.86,106.7,107.52,6336651
107.65,108.2,107.41,107.63,5487199
107.68,107.8,106.91,107.02,7542646
107.15,107.82,106.93,107.71,4405225
108.13,108.13,106.78,107.27,8030392
107.71,108.49,107.48,108.41,6236779
108.49,108.6,107.95,108.34,4813386
108.4,108.65,107.64,107.94,9963649
107.73,108.21,107.17,108.21,5907363
108.46,108.64,106.95,107.18,10876862
107.04,107.22,106.11,106.52,6372827
106.17,106.19,104.61,105.5,9589493
105.79,106.25,105.54,105.92,5777681
105.47,105.56,104.16,104.32,11002357
104.28,105.92,104.08,105.62,9392516
105.89,107.2,105.89,107.04,8049453
107.14,107.26,106.16,106.56,4918936
106.95,107.01,105.76,106.14,4781080
105.94,106.16,105.23,105.98,5309916
106.28,106.35,104.76,105.51,8683368
105.6,106.0,105.18,105.37,5956249
105.07,105.3,103.81,103.94,7895674
104.39,105.08,103.54,104.8,7765661
104.71,104.77,104.09,104.22,6155991
103.83,104.58,103.17,104.36,18147866
104.6,105.85,104.56,105.57,5866969
105.33,106.14,105.14,105.41,5694473
106.02,107.54,104.52,106.86,7874406
106.8,107.41,105.33,105.71,7268675
106.25,106.56,105.5,106.25,5113841
106.76,108.62,106.76,107.46,5399537
107.83,107.85,105.29,105.63,8049724
104.61,104.69,102.94,103.35,8690802
103.51,103.73,102.72,103.32,6030928
103.3,103.91,102.87,103.59,4421270
103.6,104.19,103.19,103.84,4557336
104.34,104.65,103.64,104.38,5203285
104.45,105.34,104.04,104.29,5339465
104.43,105.25,104.41,105.09,4370311
105.17,105.42,104.71,104.79,3973789
104.6,105.8,104.31,105.75,5740471
106.13,106.87,106.05,106.82,5789363
106.99,107.71,106.75,107.36,6185510
107.1,107.33,106.8,107.09,4328517
107.31,107.54,106.9,107.0,4615539
107.6,107.74,106.2,106.42,5394699
106.55,107.03,106.31,106.94,4149006
107.69,110.0,107.44,110.0,10468680
109.98,110.19,109.66,109.96,4864456
109.98,110.14,109.66,109.93,6815349
109.98,110.83,109.95,110.61,5987217
109.88,109.88,107.52,108.67,8812748
108.52,109.17,108.04,109.12,6895774
108.23,108.5,107.32,107.69,8503837
107.59,107.65,106.11,106.35,8093098
106.55,107.14,106.18,106.98,9787086
100.71,103.0,100.5,102.83,27877607
102.5,102.82,101.22,101.35,12259908
101.25,102.51,101.03,101.99,9410408
102.8,102.81,101.26,101.4,9707297
101.63,102.1,101.36,101.51,8868514
101.84,102.65,101.72,102.2,6698783
102.24,102.58,101.34,101.38,6612443
101.32,101.74,100.66,100.7,6893916
100.64,101.42,100.53,101.17,6492673
101.41,102.91,101.17,102.77,6888650
102.48,102.98,101.48,101.5,5954375
101.82,102.03,101.43,101.52,6976592
101.69,102.68,101.56,102.41,6186933
102.49,102.85,102.08,102.56,5630425
102.0,102.99,101.82,102.57,6011650
102.48,103.45,102.48,102.87,6573211
103.0,103.19,101.0,101.2,9823832
101.65,101.92,101.36,101.5,7827433
102.0,102.55,100.9,101.6,9592925
101.76,102.04,100.89,101.5,7530956
101.55,101.86,96.2,97.06,26419407
96.49,97.49,96.26,97.07,13147662
97.9,98.02,96.96,97.09,9610290
97.59,98.36,97.12,97.89,9151729
98.24,98.95,98.02,98.82,7615303
98.79,98.84,97.54,97.9,9710030
98.05,98.93,98.0,98.52,23870293
98.39,98.72,97.72,98.1,7013634
98.23,98.67,98.08,98.43,6970280
98.76,99.28,98.62,99.21,6459058
99.19,99.39,98.75,98.89,4958036
98.55,98.99,98.53,98.6,6359080
98.6,99.64,98.42,99.57,7492545
99.64,99.74,98.61,98.63,6220508
98.97,99.52,98.02,99.24,7519224
98.77,99.05,98.0,98.05,7149615
97.89,98.59,97.66,98.57,8185858
99.31,100.44,99.11,99.86,6923319
100.05,100.85,99.91,100.79,5447727
100.74,100.93,100.2,100.55,5126136
100.64,100.87,100.02,100.11,4736650
99.95,100.27,99.34,100.07,4360212
100.81,100.98,99.45,99.57,5429606
99.99,100.07,98.66,99.58,7704374
99.58,99.58,98.7,98.9,437459
97.56,97.82,96.81,96.93,11018249
96.8,97.68,96.8,97.38,6857969
97.64,98.27,97.54,98.13,4911623
98.4,98.47,97.86,98.36,5942501
98.36,98.49,97.55,98.25,5404326
98.19,99.3,98.11,99.01,5634272
99.45,99.66,98.94,99.4,5938716
99.12,99.18,98.63,98.7,5888226
98.52,98.86,98.06,98.29,4966173
98.05,98.22,97.45,97.8,5144415
97.58,99.48,97.25,98.56,6167514
97.9,98.36,96.89,98.31,7868685
98.12,98.33,97.7,98.04,7093151
97.94,98.09,97.38,97.81,5701674
98.13,99.46,98.0,99.03,6920435
98.87,99.12,98.02,98.35,6799214
98.36,99.38,97.9,98.64,5417514
98.37,101.13,98.35,100.64,14728723
101.29,102.9,100.74,101.61,12177479
101.88,102.0,100.42,101.18,8023234
100.83,103.91,100.8,102.68,13172478
104.99,106.24,104.08,104.78,16701518
104.14,105.14,103.98,104.74,7856012
104.57,104.57,103.0,103.17,6929251
102.75,103.96,102.45,103.69,5691471
103.63,103.98,102.76,103.6,6410860
103.22,103.99,102.97,103.44,7500844
103.42,103.42,102.7,102.75,5112563
102.97,103.17,102.79,103.0,5725938
103.22,103.32,102.69,102.74,4140660
102.91,102.92,102.45,102.64,2217591
102.63,102.97,102.38,102.79,4007511
102.56,103.88,102.17,103.41,8401145
103.5,106.26,103.43,105.24,14503076
105.36,105.71,104.46,104.82,9948999
104.58,105.85,103.87,105.25,9258403
106.5,112.67,106.5,110.22,17823953
109.53,110.04,106.52,107.22,13055578
107.17,107.99,105.36,105.46,8121673
105.74,106.0,104.49,105.26,9948639
104.23,104.98,104.08,104.23,6536601
104.87,106.84,104.77,106.83,7433971
107.43,107.83,106.58,107.43,8147001
108.15,108.19,106.75,107.61,10368257
107.29,111.54,107.2,110.57,27571330
111.98,112.0,110.6,111.27,19978625
111.84,111.99,110.3,111.03,12270002
111.33,112.39,110.77,111.81,10546560
111.62,112.3,109.69,109.69,8661137
109.72,111.09,109.19,109.57,9372829
109.49,109.68,108.45,108.67,7378369
108.49,109.37,107.89,108.12,3982398
108.42,108.55,107.46,107.64,5624037
108.0,108.05,107.06,107.77,3477741
